,child,parent,group
0,liter,metric_capacity_unit,514
1,milliliter,metric_capacity_unit,514
2,centiliter,metric_capacity_unit,514
3,deciliter,metric_capacity_unit,514
4,cubic_millimeter,metric_capacity_unit,514
5,cubic_kilometer,metric_capacity_unit,514
6,kiloliter,metric_capacity_unit,514
7,dekaliter,metric_capacity_unit,514
8,hectoliter,metric_capacity_unit,514
9,meter,metric_linear_unit,514
10,decimeter,metric_linear_unit,514
11,centimeter,metric_linear_unit,514
12,millimeter,metric_linear_unit,514
13,micron,metric_linear_unit,514
14,nanometer,metric_linear_unit,514
15,angstrom,metric_linear_unit,514
16,picometer,metric_linear_unit,514
17,hectometer,metric_linear_unit,514
18,kilometer,metric_linear_unit,514
19,myriameter,metric_linear_unit,514
20,femtometer,metric_linear_unit,514
21,decameter,metric_linear_unit,514
22,metric_weight_unit,metric_unit,514
23,metric_capacity_unit,metric_unit,514
24,metric_linear_unit,metric_unit,514
25,kilogram,metric_weight_unit,514
26,gram,metric_weight_unit,514
27,milligram,metric_weight_unit,514
28,microgram,metric_weight_unit,514
29,nanogram,metric_weight_unit,514
30,decigram,metric_weight_unit,514
31,hectogram,metric_weight_unit,514
32,myriagram,metric_weight_unit,514
33,gram_molecule,metric_weight_unit,514
34,gram_atom,metric_weight_unit,514
35,carat,metric_weight_unit,514
36,hundredweight,metric_weight_unit,514
37,centner,metric_weight_unit,514
38,quintal,metric_weight_unit,514
39,metric_ton,metric_weight_unit,514
40,dekagram,metric_weight_unit,514
41,grain,metric_weight_unit,514
42,key,metric_weight_unit,514
0,bacchante,bacchant,515
1,dalai_lama,lama,515
2,panchen_lama,lama,515
3,rainmaker,magus,515
4,vestal_virgin,priest,515
5,ezra,priest,515
6,shaman,priest,515
7,druid,priest,515
8,bacchant,priest,515
9,lama,priest,515
10,magus,priest,515
11,rhea_silvia,priest,515
12,flamen,priest,515
13,votary,priest,515
14,medicine_man,shaman,515
15,hoodoo,votary,515
0,product-moment_correlation_coefficient,correlation_coefficient,5
1,biserial_correlation_coefficient,correlation_coefficient,5
2,tetrachoric_correlation_coefficient,correlation_coefficient,5
3,phi_coefficient,correlation_coefficient,5
4,multiple_correlation_coefficient,correlation_coefficient,5
5,split-half_correlation,covariance,5
6,age_norm,demographic,5
7,arithmetic_mean,mean,5
8,geometric_mean,mean,5
9,harmonic_mean,mean,5
10,average,mean,5
11,mean_deviation,mean,5
12,second_moment,moment,5
13,rank-order_correlation_coefficient,nonparametric_statistic,5
14,kendall_test,nonparametric_statistic,5
15,kendall_partial_rank_correlation,nonparametric_statistic,5
16,tau_coefficient_of_correlation,nonparametric_statistic,5
17,coefficient_of_concordance,nonparametric_statistic,5
18,mean,parametric_statistic,5
19,median,parametric_statistic,5
20,mode,parametric_statistic,5
21,standard_deviation,parametric_statistic,5
22,variance,parametric_statistic,5
23,covariance,parametric_statistic,5
24,regression_coefficient,parametric_statistic,5
25,parametric_statistic,statistic,5
26,nonparametric_statistic,statistic,5
27,correlation_coefficient,statistic,5
28,deviation,statistic,5
29,time_series,statistic,5
30,vital_statistics,statistic,5
31,moment,statistic,5
32,outlier,statistic,5
33,demographic,vital_statistics,5
0,longways,country-dance,8
1,promenade,country-dance,8
2,square_dance,country-dance,8
3,reel,country-dance,8
4,quadrille,country-dance,8
5,landler,country-dance,8
6,highland_fling,country-dance,8
7,lancers,promenade,8
8,sashay,reel,8
9,swing,reel,8
10,do-si-do,square_dance,8
11,virginia_reel,square_dance,8
12,eightsome,square_dance,8
0,tripper,addict,9
1,drug_addict,addict,9
2,withdrawer,addict,9
3,drug_user,addict,9
4,head,drug_addict,9
5,opium_addict,drug_addict,9
6,pill_head,drug_addict,9
7,cocaine_addict,drug_addict,9
8,caffeine_addict,drug_addict,9
9,speed_freak,drug_addict,9
10,heroin_addict,drug_addict,9
11,crack_addict,drug_addict,9
12,pothead,head,9
13,acid_head,head,9
14,hash_head,head,9
0,underexposure,exposure,10
1,overexposure,exposure,10
2,impingement,exposure,10
3,exposure,influence,10
4,manipulation,influence,10
5,solicitation,influence,10
6,ingratiation,influence,10
7,cross-pollination,influence,10
8,mind_game,influence,10
9,enticement,influence,10
10,blandishment,ingratiation,10
11,hypnotism,manipulation,10
12,leading_astray,manipulation,10
13,seduction,solicitation,10
0,coefficient_of_expansion,coefficient,13
1,coefficient_of_elasticity,coefficient,13
2,coefficient_of_friction,coefficient,13
3,coefficient_of_viscosity,coefficient,13
4,coefficient_of_reflection,coefficient,13
5,coefficient_of_self_induction,coefficient,13
6,coefficient_of_mutual_induction,coefficient,13
7,modulus,coefficient,13
8,transmittance,coefficient,13
9,drag_coefficient,coefficient,13
10,weight,coefficient,13
11,absorption_coefficient,coefficient,13
12,modulus_of_rigidity,modulus,13
13,young's_modulus,modulus,13
14,bulk_modulus,modulus,13
0,sobriety,abstinence,525
1,self-denial,abstinence,525
2,chastity,abstinence,525
3,inhibition,abstinence,525
4,diet,abstinence,525
5,asceticism,abstinence,525
6,mortification,asceticism,525
7,fast,diet,525
8,sawm,diet,525
9,ramadan,fast,525
10,hunger_strike,mortification,525
11,teetotaling,sobriety,525
0,air_travel,flight,15
1,parasailing,flight,15
2,ballooning,flight,15
3,hang_gliding,flight,15
4,glide,flight,15
5,maiden_flight,flight,15
6,acrobatics,flight,15
7,blind_flying,flight,15
8,pass,flight,15
9,tailspin,flight,15
10,flyover,flight,15
11,overflight,flight,15
12,sortie,flight,15
13,terrain_flight,flight,15
14,solo,flight,15
0,continuing_education,adult_education,17
1,extension,adult_education,17
2,refresher_course,adult_education,17
3,correspondence_course,continuing_education,17
4,workshop,course,17
5,extension_course,course,17
6,elective_course,course,17
7,required_course,course,17
8,orientation_course,course,17
9,directed_study,course,17
10,childbirth-preparation_class,course,17
11,course_of_lectures,course,17
12,seminar,course,17
13,higher_education,education,17
14,secondary_education,education,17
15,elementary_education,education,17
16,adult_education,education,17
17,extracurricular_activity,education,17
18,home_study,education,17
19,work-study_program,education,17
20,coeducation,education,17
21,industrial_arts,elementary_education,17
22,life_class,elementary_education,17
23,art_class,elementary_education,17
24,dramatics,extracurricular_activity,17
25,athletics,extracurricular_activity,17
26,propaedeutic,higher_education,17
27,course,higher_education,17
28,team_teaching,higher_education,17
29,shop_class,industrial_arts,17
0,grand_larceny,larceny,531
1,petit_larceny,larceny,531
2,shoplifting,larceny,531
3,embezzlement,larceny,531
4,skimming,larceny,531
5,pilferage,larceny,531
6,biopiracy,larceny,531
7,rustling,larceny,531
8,plunderage,larceny,531
9,raid,larceny,531
10,breach_of_trust_with_fraudulent_intent,larceny,531
11,caper,larceny,531
12,piracy,larceny,531
13,robbery,larceny,531
14,highway_robbery,robbery,531
15,armed_robbery,robbery,531
16,dacoity,robbery,531
17,highjacking,robbery,531
18,heist,robbery,531
0,codefendant,defendant,532
1,accused,defendant,532
2,plaintiff,litigant,532
3,defendant,litigant,532
4,respondent,litigant,532
5,corespondent,litigant,532
6,suer,litigant,532
7,filer,plaintiff,532
8,prevailing_party,respondent,532
9,appellant,respondent,532
0,empathy,compassion,535
1,sympathy,compassion,535
2,concern,compassion,535
3,solicitude,compassion,535
4,heartstrings,compassion,535
5,kindheartedness,compassion,535
6,tenderness,compassion,535
7,softheartedness,compassion,535
8,mellowness,compassion,535
9,forgiveness,compassion,535
10,compatibility,compassion,535
11,mercifulness,compassion,535
12,commiseration,sympathy,535
0,woolly_monkey,howler_monkey,24
1,pygmy_marmoset,marmoset,24
2,true_marmoset,marmoset,24
3,titi,new_world_monkey,24
4,marmoset,new_world_monkey,24
5,tamarin,new_world_monkey,24
6,douroucouli,new_world_monkey,24
7,uakari,new_world_monkey,24
8,howler_monkey,new_world_monkey,24
9,squirrel_monkey,new_world_monkey,24
10,spider_monkey,new_world_monkey,24
11,capuchin,new_world_monkey,24
12,saki,new_world_monkey,24
13,silky_tamarin,tamarin,24
14,pinche,tamarin,24
0,clot,agglomeration,28
1,gob,agglomeration,28
2,knot,agglomeration,28
3,swad,agglomeration,28
4,tuft,agglomeration,28
5,ball,agglomeration,28
6,bunch,agglomeration,28
7,coma,agglomeration,28
8,northern_cross,agglomeration,28
9,pleiades,agglomeration,28
10,omega_centauri,agglomeration,28
11,wisp,bunch,28
12,embolus,clot,28
13,thrombus,clot,28
14,clew,knot,28
15,witches'_broom,tuft,28
0,eiderdown,down,33
1,goose_down,down,33
2,duck_down,down,33
3,swan's_down,down,33
4,marabou,down,33
5,down,feather,33
6,flight_feather,feather,33
7,plumule,feather,33
8,hackle,feather,33
9,tail_feather,feather,33
10,contour_feather,feather,33
11,aftershaft,feather,33
12,bastard_wing,feather,33
13,scapular,feather,33
14,sickle_feather,feather,33
15,primary,flight_feather,33
16,saddle_hackle,hackle,33
0,open_frame,break,36
1,coup,conquest,36
2,sexual_conquest,conquest,36
3,seduction,conquest,36
4,cuckoldry,conquest,36
5,score,conversion,36
6,overturn,coup,36
7,own_goal,goal,36
8,earned_run,run,36
9,unearned_run,run,36
10,run_batted_in,run,36
11,run,score,36
12,touchdown,score,36
13,goal,score,36
14,basket,score,36
15,passing,score,36
16,solution,score,36
17,hit,score,36
18,field_goal,score,36
19,strike,score,36
20,blockbuster,score,36
21,success,score,36
22,winning,score,36
23,break,score,36
24,sleeper,score,36
25,equalizer,score,36
26,point_after,score,36
27,conquest,score,36
28,hat_trick,score,36
29,bull's_eye,strike,36
30,spare,strike,36
31,flying_colors,success,36
32,bell_ringer,touchdown,36
33,safety,touchdown,36
0,trouser_cuff,cuff,42
1,pocket_flap,flap,42
2,tent-fly,flap,42
3,barndoor,flap,42
4,codpiece,flap,42
5,jag,flap,42
6,lapel,lap,42
7,flap,lap,42
8,tongue,lap,42
9,cuff,lap,42
10,coattail,lap,42
11,earflap,lapel,42
12,lappet,lapel,42
13,revers,lapel,42
0,merckx,cyclist,559
1,hinault,cyclist,559
2,unicyclist,cyclist,559
3,pedaler,cyclist,559
4,horsewoman,horseman,559
5,postilion,horseman,559
6,fox_hunter,horseman,559
7,roughrider,jockey,559
8,picador,jockey,559
9,cyclist,rider,559
10,horseman,rider,559
11,jockey,rider,559
12,buster,rider,559
13,hang_glider,rider,559
0,broccoli_rabe,broccoli,561
1,head_cabbage,cabbage,561
2,savoy_cabbage,cabbage,561
3,chinese_cabbage,cabbage,561
4,red_cabbage,cabbage,561
5,cabbage,cruciferous_vegetable,561
6,turnip,cruciferous_vegetable,561
7,kohlrabi,cruciferous_vegetable,561
8,rutabaga,cruciferous_vegetable,561
9,mustard,cruciferous_vegetable,561
10,brussels_sprouts,cruciferous_vegetable,561
11,kale,cruciferous_vegetable,561
12,broccoli,cruciferous_vegetable,561
13,cauliflower,cruciferous_vegetable,561
14,radish,cruciferous_vegetable,561
15,bok_choy,cruciferous_vegetable,561
16,collards,mustard,561
17,white_turnip,turnip,561
0,black-footed_albatross,albatross,563
1,wandering_albatross,albatross,563
2,procellariiform_seabird,pelagic_bird,563
3,storm_petrel,petrel,563
4,diving_petrel,petrel,563
5,giant_petrel,petrel,563
6,white-chinned_petrel,petrel,563
7,stormy_petrel,petrel,563
8,fulmar,petrel,563
9,mother_carey's_chicken,petrel,563
10,albatross,procellariiform_seabird,563
11,petrel,procellariiform_seabird,563
12,shearwater,procellariiform_seabird,563
13,manx_shearwater,shearwater,563
0,allegro_con_spirito,allegro,569
1,common_time,musical_time,569
2,duple_time,musical_time,569
3,triple_time,rhythm,569
4,syncopation,rhythm,569
5,musical_time,rhythm,569
6,downbeat,rhythm,569
7,upbeat,rhythm,569
8,backbeat,rhythm,569
9,rubato,rhythm,569
10,in_time,rhythm,569
11,rhythm,tempo,569
12,andante,tempo,569
13,allegro,tempo,569
14,allegretto,tempo,569
15,meno_mosso,tempo,569
16,accelerando,tempo,569
0,aspirin_powder,aspirin,58
1,enteric-coated_aspirin,aspirin,58
2,buffered_aspirin,aspirin,58
3,ketorolac_tromethamine,ketorolac,58
4,naproxen_sodium,naproxen,58
5,aspirin,nonsteroidal_anti-inflammatory,58
6,ibuprofen,nonsteroidal_anti-inflammatory,58
7,salicylate,nonsteroidal_anti-inflammatory,58
8,sulindac,nonsteroidal_anti-inflammatory,58
9,oxaprozin,nonsteroidal_anti-inflammatory,58
10,diflunisal,nonsteroidal_anti-inflammatory,58
11,mefenamic_acid,nonsteroidal_anti-inflammatory,58
12,ketoprofen,nonsteroidal_anti-inflammatory,58
13,flurbiprofen,nonsteroidal_anti-inflammatory,58
14,nabumetone,nonsteroidal_anti-inflammatory,58
15,etodolac,nonsteroidal_anti-inflammatory,58
16,meclofenamate,nonsteroidal_anti-inflammatory,58
17,piroxicam,nonsteroidal_anti-inflammatory,58
18,ketorolac,nonsteroidal_anti-inflammatory,58
19,tolmetin_sodium,nonsteroidal_anti-inflammatory,58
20,indomethacin,nonsteroidal_anti-inflammatory,58
21,naproxen,nonsteroidal_anti-inflammatory,58
22,fenoprofen,nonsteroidal_anti-inflammatory,58
23,diclofenac_sodium,nonsteroidal_anti-inflammatory,58
24,salol,salicylate,58
25,diclofenac_potassium,salicylate,58
26,methyl_salicylate,salicylate,58
0,iron_filing,bit,64
1,scurf,dander,64
2,metal_filing,filing,64
3,splinter,fragment,64
4,clast,fragment,64
5,spark,fragment,64
6,ember,fragment,64
7,scraping,fragment,64
8,bit,fragment,64
9,spall,fragment,64
10,scale,fragment,64
11,dander,fragment,64
12,brickbat,fragment,64
13,cinder,fragment,64
14,restriction_fragment,fragment,64
15,matchwood,fragment,64
16,dandruff,fragment,64
17,filing,fragment,64
18,paring,scraping,64
19,turning,scraping,64
20,splint,splinter,64
0,australopithecus_africanus,australopithecine,577
1,australopithecus_afarensis,australopithecine,577
2,australopithecus_boisei,australopithecine,577
3,australopithecus_robustus,australopithecine,577
4,paranthropus,australopithecine,577
5,peking_man,australopithecine,577
6,solo_man,australopithecine,577
7,javanthropus,australopithecine,577
8,zinjanthropus,australopithecine,577
9,lucy,australopithecus_afarensis,577
10,homo,hominid,577
11,australopithecine,hominid,577
12,dryopithecine,hominid,577
13,rudapithecus,hominid,577
14,neandertal_man,hominid,577
15,boskop_man,hominid,577
16,pithecanthropus,hominid,577
17,sinanthropus,hominid,577
18,sivapithecus,hominid,577
19,homo_habilis,homo,577
20,homo_erectus,homo,577
21,homo_sapiens,homo,577
22,homo_soloensis,homo,577
23,java_man,homo,577
24,homo_sapiens_sapiens,homo_sapiens,577
25,cro-magnon,homo_sapiens,577
26,rhodesian_man,homo_sapiens,577
0,lymphogranuloma_venereum,gonorrhea,584
1,primary_syphilis,syphilis,584
2,secondary_syphilis,syphilis,584
3,tertiary_syphilis,syphilis,584
4,neurosyphilis,tertiary_syphilis,584
5,tabes_dorsalis,tertiary_syphilis,584
6,syphilis,venereal_disease,584
7,gonorrhea,venereal_disease,584
8,chlamydia,venereal_disease,584
9,granuloma_inguinale,venereal_disease,584
10,genital_herpes,venereal_disease,584
0,king_post,column,589
1,queen_post,column,589
2,sheet_pile,pile,589
3,stanchion,post,589
4,gatepost,post,589
5,whipping_post,post,589
6,newel_post,post,589
7,doorjamb,post,589
8,jamb,post,589
9,pilaster,post,589
10,column,post,589
11,lamppost,post,589
12,stile,post,589
13,stake,post,589
14,pile,post,589
15,goalpost,post,589
16,telephone_pole,post,589
17,corner_post,post,589
18,lally,post,589
19,hinging_post,post,589
20,support_column,post,589
21,shutting_post,post,589
22,maypole,post,589
23,hitching_post,post,589
24,caryatid,post,589
25,scantling,post,589
26,hop_pole,post,589
27,atlas,post,589
28,standard,post,589
29,stump,post,589
30,timber,post,589
31,riding_bitt,post,589
32,upright,post,589
33,bollard,stake,589
34,newel,stake,589
35,carrick_bitt,stanchion,589
36,shaft,timber,589
37,rudderpost,upright,589
0,visayan,filipino,78
1,tagalog,filipino,78
2,moro,filipino,78
3,mauritian,native,78
4,karelian,native,78
5,ostyak,native,78
6,levantine,native,78
7,mordva,native,78
8,tatar,native,78
9,yeniseian,native,78
10,seychellois,native,78
11,veps,native,78
12,filipino,native,78
13,samoyed,native,78
14,russian,native,78
15,nganasan,native,78
16,cebuan,native,78
17,chechen,native,78
18,selkup,native,78
19,udmurt,native,78
20,chukchi,native,78
21,georgian,native,78
22,komi,native,78
23,vogul,native,78
24,cheremis,native,78
25,muscovite,russian,78
26,siberian,russian,78
27,great_russian,russian,78
28,ingrian,russian,78
0,pacific_bottlenose_dolphin,bottlenose_dolphin,86
1,atlantic_bottlenose_dolphin,bottlenose_dolphin,86
2,bottlenose_dolphin,dolphin,86
3,common_dolphin,dolphin,86
4,bottle-nosed_whale,killer_whale,86
5,harbor_porpoise,porpoise,86
6,pygmy_sperm_whale,sperm_whale,86
7,dwarf_sperm_whale,sperm_whale,86
8,killer_whale,toothed_whale,86
9,sperm_whale,toothed_whale,86
10,beaked_whale,toothed_whale,86
11,white_whale,toothed_whale,86
12,dolphin,toothed_whale,86
13,porpoise,toothed_whale,86
14,grampus,toothed_whale,86
15,vaquita,toothed_whale,86
16,river_dolphin,toothed_whale,86
17,pilot_whale,toothed_whale,86
0,whisk_fern,fern_ally,599
1,fir_clubmoss,fern_ally,599
2,skeleton_fork_fern,fern_ally,599
3,common_horsetail,horsetail,599
4,variegated_horsetail,horsetail,599
5,wood_horsetail,horsetail,599
6,marsh_horsetail,horsetail,599
7,scouring_rush,horsetail,599
8,swamp_horsetail,horsetail,599
9,foxtail_grass,horsetail,599
10,resurrection_plant,horsetail,599
11,ground_fir,horsetail,599
12,ground_pine,horsetail,599
13,running_pine,horsetail,599
14,club_moss,horsetail,599
15,spikemoss,horsetail,599
16,fern_ally,horsetail,599
17,shining_clubmoss,horsetail,599
18,quillwort,horsetail,599
19,ground_cedar,horsetail,599
20,rock_spikemoss,spikemoss,599
21,meadow_spikemoss,spikemoss,599
22,desert_selaginella,spikemoss,599
23,florida_selaginella,spikemoss,599
24,alpine_clubmoss,spikemoss,599
0,time_and_motion_study,audit,88
1,bank_examination,audit,88
2,once-over,check,88
3,spot_check,checkup,88
4,fine-tooth_comb,checkup,88
5,gastroscopy,endoscopy,88
6,sigmoidoscopy,endoscopy,88
7,colonoscopy,endoscopy,88
8,hysteroscopy,endoscopy,88
9,proctoscopy,endoscopy,88
10,celioscopy,endoscopy,88
11,checkup,examination,88
12,screening,examination,88
13,audit,examination,88
14,collation,examination,88
15,search,examination,88
16,testing,examination,88
17,inspection,examination,88
18,survey,examination,88
19,check,examination,88
20,endoscopy,examination,88
21,ophthalmoscopy,examination,88
22,keratoscopy,examination,88
23,ballottement,examination,88
24,confrontation,examination,88
25,going-over,examination,88
26,likening,examination,88
27,gonioscopy,examination,88
28,rhinoscopy,examination,88
29,comparison,examination,88
30,analogy,examination,88
31,culdoscopy,examination,88
32,follow-up,examination,88
33,autopsy,inspection,88
34,resurvey,inspection,88
35,genetic_screening,screening,88
36,scan,testing,88
37,contrast,testing,88
38,palpation,testing,88
0,eagle_scout,boy_scout,92
1,fauntleroy,boy_scout,92
2,catamite,boy_scout,92
3,ball_boy,boy_scout,92
4,altar_boy,boy_scout,92
5,shop_boy,boy_scout,92
6,plowboy,boy_scout,92
7,male_child,boy_scout,92
8,cub,boy_scout,92
9,brownie,girl_scout,92
10,schoolboy,male_child,92
11,farm_boy,male_child,92
12,bat_boy,male_child,92
13,boy_scout,scout,92
14,girl_scout,scout,92
15,sea_scout,scout,92
16,cub_scout,scout,92
17,rover,scout,92
0,cycladic_civilization,aegean_civilization,607
1,mycenaean_civilization,civilization,607
2,minoan_civilization,civilization,607
3,aegean_civilization,civilization,607
4,indus_civilization,civilization,607
5,helladic_civilization,civilization,607
6,society,civilization,607
7,paleo-american_culture,culture,607
8,clovis_culture,culture,607
9,folsom_culture,culture,607
10,western_culture,culture,607
11,islam,culture,607
12,culture,society,607
13,open_society,society,607
14,tribal_society,society,607
15,hunting_and_gathering_tribe,tribal_society,607
0,cock_sucking,fetishism,608
1,oral_sex,fetishism,608
2,cunnilingus,oral_sex,608
3,fellatio,oral_sex,608
4,pedophilia,paraphilia,608
5,exhibitionism,paraphilia,608
6,fetishism,paraphilia,608
7,voyeurism,paraphilia,608
8,zoophilia,paraphilia,608
9,sodomy,paraphilia,608
10,pederasty,pedophilia,608
11,paraphilia,perversion,608
12,soixante-neuf,voyeurism,608
0,fallout_shelter,haven,101
1,nissen_hut,hut,101
2,hovel,hut,101
3,igloo,hut,101
4,cabana,hut,101
5,pavilion,hut,101
6,tepee,hut,101
7,tupik,hut,101
8,praetorium,hut,101
9,tent,shelter,101
10,hut,shelter,101
11,safehold,shelter,101
12,harbor,shelter,101
13,refuge,shelter,101
14,haven,shelter,101
15,safe_house,shelter,101
16,storm_cellar,shelter,101
17,dugout,shelter,101
18,loft,shelter,101
19,cottage_tent,shelter,101
20,mantelet,shelter,101
21,mudhif,shelter,101
22,canvas_tent,tent,101
23,backpacking_tent,tent,101
24,bell_tent,tent,101
25,pop_tent,tent,101
26,pyramidal_tent,tent,101
27,cookhouse,tent,101
28,lean-to_tent,tent,101
29,field_tent,tent,101
30,sibley_tent,tent,101
31,two-man_tent,tent,101
32,pup_tent,tent,101
33,umbrella_tent,tent,101
34,sconce,tent,101
35,mountain_tent,tent,101
36,wall_tent,tent,101
37,fly_tent,tent,101
38,circus_tent,tent,101
0,high-hat_cymbal,cymbal,105
1,bass_drum,drum,105
2,snare_drum,drum,105
3,tenor_drum,drum,105
4,gong,percussion_instrument,105
5,bongo,percussion_instrument,105
6,vibraphone,percussion_instrument,105
7,carillon,percussion_instrument,105
8,marimba,percussion_instrument,105
9,glockenspiel,percussion_instrument,105
10,piano,percussion_instrument,105
11,drum,percussion_instrument,105
12,tambour,percussion_instrument,105
13,tabor,percussion_instrument,105
14,tambourine,percussion_instrument,105
15,steel_drum,percussion_instrument,105
16,cymbal,percussion_instrument,105
17,triangle,percussion_instrument,105
18,timbrel,percussion_instrument,105
19,handbell,percussion_instrument,105
20,maraca,percussion_instrument,105
21,lagerphone,percussion_instrument,105
22,chime,percussion_instrument,105
23,bones,percussion_instrument,105
24,zill,percussion_instrument,105
25,rain_stick,percussion_instrument,105
26,kettle,percussion_instrument,105
27,grand_piano,piano,105
28,baby_grand,piano,105
29,upright,piano,105
30,mechanical_piano,piano,105
31,spinet,piano,105
32,concert_grand,piano,105
0,timecard,card,619
1,pasteboard,cardboard,619
2,paperboard,cardboard,619
3,excelsior,packing_material,619
4,cardboard,packing_material,619
5,corrugated_board,paperboard,619
6,millboard,paperboard,619
7,strawboard,paperboard,619
8,binder's_board,pasteboard,619
9,card,pasteboard,619
0,winter_squash,squash,625
1,summer_squash,squash,625
2,zucchini,summer_squash,625
3,yellow_squash,summer_squash,625
4,cymling,summer_squash,625
5,marrow,summer_squash,625
6,cocozelle,summer_squash,625
7,acorn_squash,winter_squash,625
8,butternut_squash,winter_squash,625
9,buttercup_squash,winter_squash,625
10,cushaw,winter_squash,625
11,hubbard_squash,winter_squash,625
12,pumpkin,winter_squash,625
13,spaghetti_squash,winter_squash,625
14,turban_squash,winter_squash,625
15,winter_crookneck,winter_squash,625
0,demonstrator,salesclerk,626
1,shop_girl,salesgirl,626
2,midinette,salesgirl,626
3,traveling_salesman,salesman,626
4,pitchman,salesman,626
5,salesclerk,salesperson,626
6,salesgirl,salesperson,626
7,salesman,salesperson,626
8,book_agent,salesperson,626
9,shop_boy,salesperson,626
10,tallyman,salesperson,626
0,spruce_gall_aphid,adelgid,631
1,woolly_adelgid,adelgid,631
2,balsam_woolly_aphid,adelgid,631
3,adelgid,aphid,631
4,plant_louse,aphid,631
5,greenfly,aphid,631
6,woolly_aphid,aphid,631
7,apple_aphid,aphid,631
8,blackfly,aphid,631
9,oak_blight,aphid,631
10,pine_leaf_aphid,aphid,631
11,pale_chrysanthemum_aphid,aphid,631
12,ant_cow,aphid,631
13,green_peach_aphid,greenfly,631
14,grape_louse,plant_louse,631
15,jumping_plant_louse,plant_louse,631
16,woolly_alder_aphid,woolly_aphid,631
17,woolly_apple_aphid,woolly_aphid,631
0,great_ape,anthropoid_ape,635
1,lesser_ape,anthropoid_ape,635
2,central_chimpanzee,chimpanzee,635
3,eastern_chimpanzee,chimpanzee,635
4,western_chimpanzee,chimpanzee,635
5,pygmy_chimpanzee,chimpanzee,635
6,silverback,chimpanzee,635
7,siamang,gibbon,635
8,eastern_lowland_gorilla,gorilla,635
9,western_lowland_gorilla,gorilla,635
10,mountain_gorilla,gorilla,635
11,gorilla,great_ape,635
12,chimpanzee,great_ape,635
13,orangutan,great_ape,635
14,gibbon,lesser_ape,635
0,prophet,diviner,640
1,geomancer,diviner,640
2,necromancer,diviner,640
3,hydromancer,diviner,640
4,pyromancer,diviner,640
5,onomancer,diviner,640
6,lithomancer,diviner,640
7,augur,diviner,640
8,sibyl,diviner,640
9,oneiromancer,diviner,640
10,prophetess,prophet,640
11,cassandra,prophet,640
12,water_witch,sibyl,640
0,presenile_dementia,dementia,648
1,senile_dementia,dementia,648
2,alzheimer's_disease,dementia,648
3,pick's_disease,dementia,648
4,alcoholic_dementia,dementia,648
5,dementia,derangement,648
6,craziness,derangement,648
7,lunacy,derangement,648
8,irrationality,insanity,648
9,derangement,insanity,648
0,hypochromic_anemia,anemia,137
1,megaloblastic_anemia,anemia,137
2,macrocytic_anemia,anemia,137
3,microcytic_anemia,anemia,137
4,sideroblastic_anemia,anemia,137
5,refractory_anemia,anemia,137
6,chlorosis,anemia,137
7,ischemia,anemia,137
8,aplastic_anemia,anemia,137
9,fanconi's_anemia,anemia,137
10,hemolytic_anemia,anemia,137
11,erythroblastosis_fetalis,anemia,137
12,metaplastic_anemia,anemia,137
13,favism,anemia,137
14,sickle-cell_anemia,anemia,137
15,pernicious_anemia,anemia,137
16,hypoplastic_anemia,hypochromic_anemia,137
17,ischemic_stroke,ischemia,137
18,transient_ischemic_attack,ischemia,137
19,hyperchromic_anemia,macrocytic_anemia,137
20,thalassemia,microcytic_anemia,137
21,iron_deficiency_anemia,microcytic_anemia,137
22,cooley's_anemia,microcytic_anemia,137
0,marriage,marital_status,138
1,widowhood,marital_status,138
2,spinsterhood,marital_status,138
3,bachelorhood,marital_status,138
4,cuckoldom,marital_status,138
5,monogamy,marriage,138
6,polygamy,marriage,138
7,civil_union,marriage,138
8,common-law_marriage,marriage,138
9,open_marriage,marriage,138
10,misalliance,marriage,138
11,marriage_of_convenience,marriage,138
12,bigamy,marriage,138
13,serial_monogamy,marriage,138
14,exogamy,marriage,138
15,endogamy,marriage,138
16,sigeh,marriage,138
17,mesalliance,marriage,138
18,monandry,monogamy,138
19,monogyny,monogamy,138
20,polyandry,polygamy,138
21,polygyny,polygamy,138
0,discomycete,ascomycete,652
1,sarcosomataceae,ascomycete,652
2,clavicipitaceae,ascomycete,652
3,devil's_cigar,clavicipitaceae,652
4,geglossaceae,discomycete,652
5,rufous_rubber_cup,discomycete,652
6,blood_cup,discomycete,652
7,grainy_club,discomycete,652
8,soldier_grainy_club,discomycete,652
9,charred_pancake_cup,discomycete,652
10,black_felt_cup,discomycete,652
11,jafnea_semitosta,discomycete,652
12,galiella_rufa,discomycete,652
13,caloscypha_fulgens,discomycete,652
14,leotia_lubrica,discomycete,652
15,peziza_domicilina,discomycete,652
16,mitrula_elegans,discomycete,652
17,sarcoscypha_coccinea,sarcosomataceae,652
18,aleuria_aurantia,sarcosomataceae,652
19,devil's_urn,sarcosomataceae,652
20,winter_urn,sarcosomataceae,652
21,urnula_craterium,sarcosomataceae,652
0,counter,calculator,661
1,adder,calculator,661
2,abacus,calculator,661
3,hand_calculator,calculator,661
4,adding_machine,calculator,661
5,napier's_bones,calculator,661
6,quipu,calculator,661
7,subtracter,calculator,661
8,pulse_counter,counter,661
9,scaler,counter,661
0,joke,fun,150
1,wit,fun,150
2,funny_story,joke,150
3,pungency,joke,150
4,banter,joke,150
5,jocosity,joke,150
6,waggery,joke,150
7,sarcasm,joke,150
8,drollery,joke,150
9,caricature,joke,150
10,cartoon,joke,150
11,comic_strip,joke,150
12,parody,joke,150
13,bon_mot,joke,150
14,badinage,joke,150
15,shaggy_dog_story,joke,150
16,pun,joke,150
17,one-liner,joke,150
18,ribaldry,joke,150
19,topper,joke,150
20,mock-heroic,joke,150
21,sight_gag,joke,150
22,ethnic_joke,joke,150
23,dirty_joke,joke,150
24,in-joke,joke,150
25,sick_joke,joke,150
26,belly_laugh,joke,150
27,jeu_d'esprit,wit,150
28,persiflage,wit,150
29,repartee,wit,150
30,esprit_de_l'escalier,wit,150
0,police,law_enforcement_agency,675
1,secret_police,law_enforcement_agency,675
2,federal_bureau_of_investigation,law_enforcement_agency,675
3,europol,law_enforcement_agency,675
4,gendarmerie,law_enforcement_agency,675
5,posse,law_enforcement_agency,675
6,mutawa'een,law_enforcement_agency,675
7,bureau_of_alcohol_tobacco_and_firearms,law_enforcement_agency,675
8,drug_enforcement_administration,law_enforcement_agency,675
9,united_states_marshals_service,law_enforcement_agency,675
10,criminal_investigation_command,law_enforcement_agency,675
11,national_institute_of_justice,law_enforcement_agency,675
12,federal_judiciary,law_enforcement_agency,675
13,financial_crimes_enforcement_network,law_enforcement_agency,675
14,royal_canadian_mounted_police,police,675
15,scotland_yard,police,675
16,federal_law_enforcement_training_center,police,675
17,federal_bureau_of_prisons,police,675
18,gestapo,secret_police,675
19,schutzstaffel,secret_police,675
0,red-shafted_flicker,flicker,171
1,yellow-shafted_flicker,flicker,171
2,gilded_flicker,flicker,171
3,woodpecker,piciform_bird,171
4,jacamar,piciform_bird,171
5,puffbird,piciform_bird,171
6,barbet,piciform_bird,171
7,piculet,piciform_bird,171
8,toucan,piciform_bird,171
9,wryneck,piciform_bird,171
10,honey_guide,piciform_bird,171
11,red-breasted_sapsucker,sapsucker,171
12,yellow-bellied_sapsucker,sapsucker,171
13,toucanet,toucan,171
14,flicker,woodpecker,171
15,redheaded_woodpecker,woodpecker,171
16,downy_woodpecker,woodpecker,171
17,sapsucker,woodpecker,171
18,green_woodpecker,woodpecker,171
19,ivorybill,woodpecker,171
0,collision,accident,683
1,crash,accident,683
2,pileup,accident,683
3,shipwreck,accident,683
4,injury,accident,683
5,collateral_damage,accident,683
6,fatal_accident,accident,683
7,fender-bender,collision,683
8,prang,collision,683
9,smash,collision,683
10,concussion,injury,683
11,mutilation,injury,683
12,dismemberment,injury,683
13,capsizing,shipwreck,683
0,bullying,aggression,685
1,terrorization,aggression,685
2,raising_hell,aggression,685
3,dirty_tricks,aggression,685
4,bitchery,aggression,685
5,snub,aggression,685
6,aggro,aggression,685
7,aggression,behavior,685
8,aggravation,behavior,685
9,presumption,behavior,685
10,insult,behavior,685
11,rebuff,behavior,685
12,derision,behavior,685
13,discourtesy,behavior,685
14,indelicacy,behavior,685
15,scandalization,behavior,685
16,dirty_pool,behavior,685
17,easiness,behavior,685
18,silent_treatment,behavior,685
19,the_way_of_the_world,behavior,685
20,insolence,behavior,685
21,self-assertion,behavior,685
22,indignity,indelicacy,685
23,twit,insult,685
24,mock,insult,685
25,bohemianism,presumption,685
26,last_straw,rebuff,685
0,little_auk,auk,177
1,guillemot,auk,177
2,razorbill,auk,177
3,murre,auk,177
4,great_auk,auk,177
5,auklet,auk,177
6,black_guillemot,guillemot,177
7,pigeon_guillemot,guillemot,177
8,common_murre,murre,177
9,thick-billed_murre,murre,177
0,wild_apple,apple,180
1,crab_apple,apple,180
2,apple_tree,apple,180
3,siberian_crab,crab_apple,180
4,oregon_crab_apple,crab_apple,180
5,american_crab_apple,crab_apple,180
6,southern_crab_apple,crab_apple,180
7,bechtel_crab,crab_apple,180
8,wild_crab,crab_apple,180
9,iowa_crab,crab_apple,180
0,face-off,attack,184
1,first_step,beginning,184
2,resumption,beginning,184
3,hypnogenesis,creation,184
4,induction_of_labor,induction,184
5,inauguration,initiation,184
6,induction,initiation,184
7,introduction,initiation,184
8,installation,initiation,184
9,unionization,initiation,184
10,population,initiation,184
11,beginning,initiation,184
12,attack,initiation,184
13,federation,initiation,184
14,housing_start,initiation,184
15,creation,initiation,184
16,peace_initiative,initiation,184
17,kickoff,initiation,184
18,activation,initiation,184
19,groundbreaking,initiation,184
20,communization,initiation,184
21,scrum,initiation,184
22,colonization,initiation,184
23,collectivization,initiation,184
24,naturalization,initiation,184
25,tip-off,introduction,184
26,startup,introduction,184
27,product_introduction,introduction,184
28,constitution,introduction,184
29,first_base,introduction,184
30,springboard,introduction,184
31,curtain_raiser,introduction,184
32,jump_ball,introduction,184
33,authorship,introduction,184
34,icebreaker,introduction,184
0,laser_beam,beam,697
1,sunbeam,beam,697
2,sunburst,beam,697
3,heat_ray,beam,697
4,twilight,daylight,697
5,autofluorescence,fluorescence,697
6,candlelight,glow,697
7,firelight,glow,697
8,torchlight,glow,697
9,half-light,glow,697
10,gaslight,glow,697
11,scintillation,glow,697
12,sky_glow,glow,697
13,counterglow,glow,697
14,streamer,glow,697
15,aureole,glow,697
16,daylight,light,697
17,moonbeam,light,697
18,starlight,light,697
19,lamplight,light,697
20,meteor,light,697
21,radiance,light,697
22,glow,light,697
23,infrared_ray,light,697
24,moonlight,light,697
25,bolide,light,697
26,high_beam,light,697
27,low_beam,light,697
28,friar's_lantern,light,697
29,luminescence,light,697
30,beam,light,697
31,sunlight,light,697
32,incandescence,light,697
33,bioluminescence,luminescence,697
34,chemiluminescence,luminescence,697
35,fluorescence,luminescence,697
36,phosphorescence,luminescence,697
37,corona,radiance,697
0,hang,gymnastic_exercise,698
1,dip,gymnastic_exercise,698
2,straddle,gymnastic_exercise,698
3,grand_circle,gymnastic_exercise,698
4,kip,gymnastic_exercise,698
5,scissors,gymnastic_exercise,698
6,handstand,gymnastic_exercise,698
7,long_fly,gymnastic_exercise,698
8,crucifix,gymnastic_exercise,698
9,double_leg_circle,handstand,698
10,straight_hang,hang,698
11,lever_hang,hang,698
12,bent_hang,hang,698
13,reverse_hang,hang,698
14,piked_reverse_hang,hang,698
15,inverted_hang,hang,698
0,zamia,cycad,193
1,macrozamia,cycad,193
2,dioon,cycad,193
3,sago_palm,cycad,193
4,burrawong,cycad,193
5,encephalartos,cycad,193
6,ceratozamia,cycad,193
7,coontie,cycad,193
8,kaffir_bread,cycad,193
9,seed_fern,gymnosperm,193
10,progymnosperm,gymnosperm,193
11,welwitschia,gymnosperm,193
12,cycad,gymnosperm,193
13,false_sago,sago_palm,193
0,red_hand_defenders,domestic_terrorism,198
1,cyber-terrorism,international_terrorism,198
2,terrorism,terror,198
3,terrorist_attack,terrorism,198
4,ecoterrorism,terrorism,198
5,bioterrorism,terrorism,198
6,chemical_terrorism,terrorism,198
7,nuclear_terrorism,terrorism,198
8,narcoterrorism,terrorism,198
9,theoterrorism,terrorism,198
10,international_terrorism,terrorism,198
11,state-sponsored_terrorism,terrorism,198
12,domestic_terrorism,terrorism,198
13,9/11,terrorist_attack,198
0,black_tie,necktie,710
1,four-in-hand,necktie,710
2,windsor_tie,necktie,710
3,old_school_tie,necktie,710
4,bow_tie,necktie,710
5,white_tie,necktie,710
6,necktie,neckwear,710
7,cravat,neckwear,710
8,ascot,neckwear,710
9,string_tie,neckwear,710
10,bolo_tie,neckwear,710
11,neckcloth,neckwear,710
0,vest_pocket,pocket,200
1,breast_pocket,pocket,200
2,patch_pocket,pocket,200
3,pouch,pocket,200
4,hip_pocket,pocket,200
5,slash_pocket,pocket,200
6,waist_pack,pocket,200
7,sporran,pouch,200
8,diplomatic_pouch,pouch,200
9,tobacco_pouch,pouch,200
10,mailbag,pouch,200
11,fob,vest_pocket,200
12,fanny_pack,waist_pack,200
0,edmontonia,ankylosaur,212
1,staurikosaur,ankylosaur,212
2,pisanosaur,ankylosaur,212
3,psittacosaur,ceratopsian,212
4,styracosaur,ceratopsian,212
5,triceratops,ceratopsian,212
6,pachycephalosaur,ceratopsian,212
7,protoceratops,ceratopsian,212
8,corythosaur,ceratopsian,212
9,anatotitan,hadrosaur,212
10,edmontosaurus,hadrosaur,212
11,ceratopsian,ornithischian,212
12,ankylosaur,ornithischian,212
13,ornithopod,ornithischian,212
14,stegosaur,ornithischian,212
15,bone-headed_dinosaur,ornithischian,212
16,armored_dinosaur,ornithischian,212
17,hadrosaur,ornithopod,212
18,trachodon,ornithopod,212
0,headset,earphone,215
1,telephone_receiver,earphone,215
2,microphone,electro-acoustic_transducer,215
3,loudspeaker,electro-acoustic_transducer,215
4,bullhorn,loudspeaker,215
5,woofer,loudspeaker,215
6,subwoofer,loudspeaker,215
7,tweeter,loudspeaker,215
8,squawk_box,loudspeaker,215
9,tannoy,loudspeaker,215
10,earphone,loudspeaker,215
11,condenser_microphone,microphone,215
12,crystal_microphone,microphone,215
13,directional_microphone,microphone,215
14,spike_mike,microphone,215
15,bug,microphone,215
16,cartridge,microphone,215
17,cardioid_microphone,microphone,215
18,earplug,microphone,215
19,crystal_pickup,microphone,215
0,academic_gown,gown,735
1,geneva_gown,gown,735
2,alb,vestment,735
3,chasuble,vestment,735
4,surplice,vestment,735
5,soutane,vestment,735
6,cassock,vestment,735
7,pallium,vestment,735
8,humeral_veil,vestment,735
9,gown,vestment,735
10,pontifical,vestment,735
0,somersault,acrobatic_stunt,737
1,flip-flop,acrobatic_stunt,737
2,tumble,acrobatic_stunt,737
3,backbend,acrobatic_stunt,737
4,headstand,acrobatic_stunt,737
5,walkover,acrobatic_stunt,737
6,cartwheel,acrobatic_stunt,737
7,handspring,acrobatic_stunt,737
8,split,somersault,737
9,back_circle,tumble,737
0,adrenal_cortex,adrenal_gland,742
1,adrenal_medulla,adrenal_gland,742
2,pars_distilis,anterior_pituitary,742
3,thyroid_gland,endocrine_gland,742
4,adrenal_gland,endocrine_gland,742
5,pituitary,endocrine_gland,742
6,ovary,endocrine_gland,742
7,prostate_gland,endocrine_gland,742
8,parathyroid_gland,endocrine_gland,742
9,pineal_gland,endocrine_gland,742
10,gonad,endocrine_gland,742
11,thymus_gland,endocrine_gland,742
12,islands_of_langerhans,endocrine_gland,742
13,ovotestis,gonad,742
14,testis,gonad,742
15,corpus_luteum,ovary,742
16,anterior_pituitary,pituitary,742
17,posterior_pituitary,pituitary,742
18,pars_intermedia,pituitary,742
19,undescended_testis,testis,742
0,strange_attractor,attractor,236
1,vertex,attractor,236
2,intersection,attractor,236
3,point,attractor,236
4,metacenter,attractor,236
5,plot_element,component,236
6,mcguffin,plot_element,236
7,be-all_and_end-all,plot_element,236
8,component,point,236
9,intercept,point,236
0,job_candidate,applicant,752
1,pretender,applicant,752
2,solicitor,applicant,752
3,fundraiser,applicant,752
4,bidder,applicant,752
5,petitioner,applicant,752
6,claimant,applicant,752
7,aspirant,applicant,752
8,postulant,applicant,752
9,besieger,bidder,752
10,applicant,material,752
11,probable,material,752
12,possible,material,752
13,submitter,solicitor,752
0,putoff,evasion,242
1,snow_job,fraudulence,242
2,quibble,fraudulence,242
3,crocodile_tears,hypocrisy,242
4,fraudulence,misrepresentation,242
5,hypocrisy,misrepresentation,242
6,pretext,misrepresentation,242
7,pretense,misrepresentation,242
8,circumlocution,misrepresentation,242
9,exaggeration,misrepresentation,242
10,half-truth,misrepresentation,242
11,doublespeak,misrepresentation,242
12,hedge,misrepresentation,242
13,subterfuge,misrepresentation,242
14,trickery,misrepresentation,242
15,bill_of_goods,misrepresentation,242
16,bluff,misrepresentation,242
17,evasion,misrepresentation,242
18,facade,misrepresentation,242
19,humbug,pretense,242
0,coping_saw,hacksaw,755
1,two-handed_saw,handsaw,755
2,backsaw,handsaw,755
3,keyhole_saw,handsaw,755
4,crown_saw,handsaw,755
5,ripsaw,handsaw,755
6,pruner,pruning_saw,755
7,handsaw,saw,755
8,pruning_saw,saw,755
9,compass_saw,saw,755
10,pitsaw,saw,755
11,hacksaw,saw,755
12,crosscut_saw,saw,755
13,bill,saw,755
14,folding_saw,saw,755
0,ragweed_pollen,pollen,757
1,oospore,spore,757
2,ascospore,spore,757
3,microspore,spore,757
4,megaspore,spore,757
5,carpospore,spore,757
6,aeciospore,spore,757
7,basidiospore,spore,757
8,conidium,spore,757
9,teliospore,spore,757
10,resting_spore,spore,757
11,zoospore,spore,757
12,endospore,spore,757
13,chlamydospore,spore,757
14,pollen,spore,757
15,agamete,spore,757
16,tetraspore,spore,757
17,zygospore,spore,757
18,fern_seed,spore,757
19,pollinium,spore,757
0,socket,fitting,247
1,reducer,fitting,247
2,outlet_box,fitting,247
3,point,fitting,247
4,slot,fitting,247
5,electric_socket,socket,247
6,wall_socket,socket,247
7,gas_fitting,socket,247
8,pipefitting,socket,247
9,receptacle,socket,247
0,radiance,ecstasy,251
1,gratification,happiness,251
2,blessedness,happiness,251
3,ecstasy,happiness,251
4,mourning,sadness,251
5,embitterment,sadness,251
6,quality_of_life,state,251
7,emotional_state,state,251
8,happiness,state,251
9,unhappiness,state,251
10,comfort,state,251
11,nirvana,state,251
12,poignance,state,251
13,embarrassment,unhappiness,251
14,sadness,unhappiness,251
0,dairying,animal_husbandry,262
1,beekeeping,animal_husbandry,262
2,insemination,animal_husbandry,262
3,ranching,animal_husbandry,262
4,tilling,cultivation,262
5,farming,culture,262
6,arboriculture,culture,262
7,cranberry_culture,culture,262
8,viticulture,culture,262
9,mixed_farming,farming,262
10,subsistence_farming,farming,262
11,monoculture,farming,262
12,truck_farming,farming,262
13,tillage,farming,262
14,planting,farming,262
15,strip_cropping,farming,262
16,roundup,farming,262
17,gardening,farming,262
18,cultivation,farming,262
19,animal_husbandry,farming,262
20,hydroponics,farming,262
21,drip_culture,farming,262
22,aquaculture,farming,262
23,flower_gardening,gardening,262
24,landscaping,gardening,262
25,market_gardening,gardening,262
26,plowing,tillage,262
0,xhosa,bantu,265
1,zulu,bantu,265
2,swazi,bantu,265
3,ndebele,bantu,265
4,sotho,bantu,265
5,tswana,bantu,265
6,shona,bantu,265
7,tonga,bantu,265
8,chishona,bantu,265
9,pokomo,bantu,265
10,sesotho,bantu,265
11,kamba,bantu,265
12,kichaga,bantu,265
13,kinyarwanda,bantu,265
14,chichewa,bantu,265
15,yoruba,bantu,265
16,gikuyu,bantu,265
17,sango,bantu,265
18,kongo,bantu,265
19,nguni,bantu,265
20,luyia,bantu,265
21,luba,bantu,265
22,chimwini,bantu,265
23,kiswahili,bantu,265
24,mwera,bantu,265
25,nyamwezi,bantu,265
26,akan,bantu,265
27,kwa,bantu,265
28,mashi,gur,265
29,ewe,gur,265
30,swahili,kwa,265
31,serer,mande,265
32,bantu,niger-congo,265
33,gur,niger-congo,265
34,mande,niger-congo,265
35,west_african,niger-congo,265
36,giriama,niger-congo,265
37,luganda,niger-congo,265
38,fang,west_african,265
39,herero,west_african,265
40,wolof,west_african,265
41,fula,west_african,265
42,umbundu,west_african,265
0,input_file,computer_file,268
1,output_file,computer_file,268
2,read-only_file,computer_file,268
3,disk_file,computer_file,268
4,text_file,computer_file,268
5,master_file,computer_file,268
6,backup_file,computer_file,268
7,binary_file,computer_file,268
8,source_code,computer_file,268
9,web_page,computer_file,268
10,transaction_file,input_file,268
11,ascii_text_file,text_file,268
12,home_page,web_page,268
0,cherry_bomb,firecracker,292
1,cannon_cracker,firecracker,292
2,skyrocket,firecracker,292
3,catherine_wheel,firework,292
4,firecracker,firework,292
5,fizgig,firework,292
6,low_explosive,firework,292
7,roman_candle,firework,292
8,serpent,firework,292
9,sparkler,firework,292
10,torpedo,firework,292
11,whizbang,firework,292
12,squib,firework,292
13,maroon,firework,292
0,pis_aller,expedient,312
1,desperate_measure,expedient,312
2,fast_track,implementation,312
3,motorization,implementation,312
4,dint,instrument,312
5,wings,instrument,312
6,voice,instrument,312
7,tooth,instrument,312
8,crutch,instrument,312
9,invocation,instrument,312
10,instrument,means,312
11,instrumentation,means,312
12,practice,means,312
13,implementation,means,312
14,road,means,312
15,salvation,means,312
16,royal_road,means,312
17,expedient,means,312
18,escape,means,312
19,stepping_stone,means,312
20,improvisation,practice,312
21,makeshift,practice,312
22,open_sesame,salvation,312
0,rose_bed,bed,320
1,tulip_bed,bed,320
2,turnip_bed,bed,320
3,flowerbed,bed,320
4,kitchen_garden,garden,320
5,rose_garden,garden,320
6,sunken_garden,garden,320
7,topiary,garden,320
8,herb_garden,garden,320
9,victory_garden,garden,320
10,landscaping,garden,320
11,grove,garden,320
12,parterre,garden,320
13,rock_garden,garden,320
14,formal_garden,garden,320
15,flower_garden,garden,320
16,market_garden,garden,320
17,pot_farm,garden,320
18,tea_garden,garden,320
19,hop_garden,garden,320
20,hanging_gardens_of_babylon,garden,320
21,tuileries,garden,320
22,roof_garden,garden,320
23,asparagus_bed,garden,320
24,hotbed,garden,320
25,plot,garden,320
26,bed,garden,320
27,peach_orchard,grove,320
28,orange_grove,grove,320
29,lemon_grove,grove,320
30,apple_orchard,grove,320
31,seedbed,plot,320
0,great-aunt,aunt,327
1,maiden_aunt,aunt,327
2,niece,aunt,327
3,sister,kinswoman,327
4,aunt,kinswoman,327
5,female_sibling,kinswoman,327
6,great-niece,niece,327
7,big_sister,sister,327
8,little_sister,sister,327
9,half_sister,sister,327
0,shortwave_diathermy_machine,diathermy_machine,335
1,microwave_diathermy_machine,diathermy_machine,335
2,gastroscope,endoscope,335
3,bronchoscope,endoscope,335
4,surgical_instrument,medical_instrument,335
5,douche,medical_instrument,335
6,artificial_kidney,medical_instrument,335
7,probe,medical_instrument,335
8,polygraph,medical_instrument,335
9,lie_detector,medical_instrument,335
10,diathermy_machine,medical_instrument,335
11,electromyograph,medical_instrument,335
12,electroencephalograph,medical_instrument,335
13,cardiograph,medical_instrument,335
14,ballistocardiograph,medical_instrument,335
15,thermograph,medical_instrument,335
16,stethoscope,medical_instrument,335
17,keratoscope,medical_instrument,335
18,dermatome,medical_instrument,335
19,scalpel,surgical_instrument,335
20,lancet,surgical_instrument,335
21,curette,surgical_instrument,335
22,retractor,surgical_instrument,335
23,snare,surgical_instrument,335
24,hemostat,surgical_instrument,335
25,dilator,surgical_instrument,335
26,surgical_knife,surgical_instrument,335
27,speculum,surgical_instrument,335
28,sigmoidoscope,surgical_instrument,335
29,colonoscope,surgical_instrument,335
30,proctoscope,surgical_instrument,335
31,laparoscope,surgical_instrument,335
32,arthroscope,surgical_instrument,335
33,culdoscope,surgical_instrument,335
34,laryngoscope,surgical_instrument,335
35,otoscope,surgical_instrument,335
36,rhinoscope,surgical_instrument,335
37,ophthalmoscope,surgical_instrument,335
38,fiberscope,surgical_instrument,335
39,catling,surgical_instrument,335
40,photocoagulator,surgical_instrument,335
41,syringe,surgical_instrument,335
42,dialyzer,surgical_instrument,335
43,endoscope,surgical_instrument,335
44,orthoscope,surgical_instrument,335
45,autoinjector,surgical_instrument,335
46,fetoscope,surgical_instrument,335
47,hypodermic_syringe,surgical_instrument,335
48,trepan,surgical_instrument,335
0,glue,adhesive_material,350
1,cement,adhesive_material,350
2,paste,adhesive_material,350
3,birdlime,adhesive_material,350
4,putty,adhesive_material,350
5,wafer,adhesive_material,350
6,binder,adhesive_material,350
7,rubber_cement,cement,350
8,mastic,cement,350
9,casein_glue,glue,350
10,animal_glue,glue,350
11,spirit_gum,glue,350
12,fish_glue,glue,350
13,marine_glue,glue,350
14,iron_putty,putty,350
15,red-lead_putty,putty,350
0,chicken_salad,coleslaw,353
1,chef's_salad,combination_salad,353
2,salmagundi,combination_salad,353
3,potato_salad,combination_salad,353
4,molded_salad,combination_salad,353
5,herring_salad,combination_salad,353
6,crab_louis,combination_salad,353
7,fruit_salad,combination_salad,353
8,tuna_fish_salad,combination_salad,353
9,caesar_salad,green_salad,353
10,tabbouleh,green_salad,353
11,salad_nicoise,molded_salad,353
12,waldorf_salad,molded_salad,353
13,macaroni_salad,pasta_salad,353
14,green_salad,salad,353
15,tossed_salad,salad,353
16,pasta_salad,salad,353
17,coleslaw,salad,353
18,combination_salad,salad,353
0,compact-disk_burner,magnetic_recorder,361
1,tape_recorder,recorder,361
2,magnetic_recorder,recorder,361
3,multichannel_recorder,recorder,361
4,oscillograph,recorder,361
5,black_box,recorder,361
6,wire_recorder,recorder,361
7,cassette_recorder,tape_recorder,361
8,dictaphone,tape_recorder,361
9,videocassette_recorder,tape_recorder,361
0,national_debt,debt,375
1,bad_debt,debt,375
2,arrears,debt,375
3,debt_limit,debt,375
4,installment_debt,debt,375
5,point,home_loan,375
6,business_loan,loan,375
7,personal_loan,loan,375
8,home_loan,loan,375
9,automobile_loan,loan,375
10,real_estate_loan,loan,375
11,participation_loan,loan,375
12,interbank_loan,loan,375
13,call_loan,loan,375
14,debt,loan,375
15,direct_loan,loan,375
16,bank_loan,loan,375
17,time_loan,loan,375
18,score,loan,375
19,installment_credit,loan,375
20,national_debt_ceiling,national_debt,375
21,public_debt,national_debt,375
0,plasmablast,b_cell,391
1,plasma_cell,b_cell,391
2,eosinophil,granulocyte,391
3,basophil,granulocyte,391
4,neutrophil,granulocyte,391
5,myelocyte,granulocyte,391
6,myeloblast,granulocyte,391
7,lymphocyte,leukocyte,391
8,monocyte,leukocyte,391
9,granulocyte,leukocyte,391
10,b_cell,lymphocyte,391
11,t_cell,lymphocyte,391
12,lymphoblast,lymphocyte,391
13,monoblast,monocyte,391
14,microphage,monocyte,391
15,helper_t_cell,t_cell,391
16,killer_t_cell,t_cell,391
0,circle,disk,395
1,planchet,disk,395
2,brake_disk,disk,395
3,acetate_disk,disk,395
4,token,disk,395
5,diaphragm,disk,395
6,discus,disk,395
7,frisbee,disk,395
8,puck,disk,395
9,deadeye,disk,395
10,subway_token,token,395
0,scalar_field,field,398
1,manifold,field,398
2,abelian_group,group,398
3,subgroup,group,398
4,closed_interval,interval,398
5,sub-interval,interval,398
6,open_interval,interval,398
7,mandelbrot_set,locus,398
8,set,mathematical_space,398
9,group,mathematical_space,398
10,euclidean_space,mathematical_space,398
11,metric_space,mathematical_space,398
12,hilbert_space,metric_space,398
13,subset,set,398
14,universal_set,set,398
15,null_set,set,398
16,intersection,set,398
17,locus,set,398
18,interval,set,398
19,solution,set,398
20,field,set,398
21,diagonal,set,398
22,origin,set,398
23,domain,set,398
24,image,set,398
25,null_space,solution,398
26,subspace,subset,398
0,guarantee,lien,407
1,pledge,lien,407
2,security_interest,lien,407
3,tax_lien,lien,407
4,general_lien,lien,407
5,judgment_lien,lien,407
6,mechanic's_lien,lien,407
7,artisan's_lien,lien,407
8,garageman's_lien,lien,407
9,warehouseman's_lien,lien,407
10,landlord's_lien,lien,407
11,conditional_sale,lien,407
12,pawn,lien,407
13,first_mortgage,mortgage,407
14,second_mortgage,mortgage,407
15,chattel_mortgage,security_interest,407
16,collateral,security_interest,407
17,mortgage,security_interest,407
18,state_tax_lien,tax_lien,407
19,federal_tax_lien,tax_lien,407
0,naturalization,bureaucratic_procedure,409
1,paternity_suit,civil_action,409
2,custody_battle,civil_suit,409
3,adoption,civil_suit,409
4,court-martial,criminal_suit,409
5,double_jeopardy,criminal_suit,409
6,prosecution,criminal_suit,409
7,fair_hearing,hearing,409
8,competence_hearing,hearing,409
9,criminal_suit,lawsuit,409
10,class_action,lawsuit,409
11,counterclaim,lawsuit,409
12,civil_action,lawsuit,409
13,objection,lawsuit,409
14,intervention,lawsuit,409
15,mistrial,lawsuit,409
16,custody_case,lawsuit,409
17,countersuit,lawsuit,409
18,civil_suit,legal_action,409
19,litigation,legal_action,409
20,proceeding,legal_action,409
21,procedure,legal_action,409
22,lawsuit,litigation,409
23,vexatious_litigation,litigation,409
24,judicial_review,litigation,409
25,appeal,litigation,409
26,recusation,litigation,409
27,quo_warranto,litigation,409
28,test_case,litigation,409
29,show_trial,litigation,409
30,ordeal,litigation,409
31,lis_pendens,procedure,409
32,antitrust_case,procedure,409
33,bill_of_review,procedure,409
34,bureaucratic_procedure,procedure,409
35,hearing,proceeding,409
36,trial,proceeding,409
37,administrative_hearing,proceeding,409
38,bankruptcy,proceeding,409
39,review,proceeding,409
40,receivership,proceeding,409
41,foreclosure,proceeding,409
42,scopes_trial,trial,409
43,retrial,trial,409
44,moot,trial,409
0,photomontage,collage,418
1,bitmap,graphic,418
2,slide,graphic,418
3,viewgraph,graphic,418
4,portrait,picture,418
5,graphic,picture,418
6,iconography,picture,418
7,panorama,picture,418
8,collage,picture,418
9,inset,picture,418
10,reflection,picture,418
11,chiaroscuro,picture,418
12,grisaille,picture,418
13,identikit,picture,418
14,foil,picture,418
15,sonogram,picture,418
16,likeness,picture,418
17,scan,picture,418
18,self-portrait,portrait,418
19,half-length,portrait,418
0,manta,bedclothes,422
1,mackinaw,bedclothes,422
2,bedroll,bedclothes,422
3,quilt,bedclothes,422
4,blanket,bedclothes,422
5,throw,bedclothes,422
6,electric_blanket,bedclothes,422
7,bedspread,bedclothes,422
8,mattress_cover,bedclothes,422
9,eiderdown,bedspread,422
10,quilted_bedspread,bedspread,422
11,coverlet,bedspread,422
12,security_blanket,blanket,422
13,patchwork,quilt,422
14,crazy_quilt,quilt,422
15,afghan,quilt,422
0,run,football_play,430
1,pass,football_play,430
2,tackle,football_play,430
3,power_play,football_play,430
4,return,football_play,430
5,rush,football_play,430
6,draw,football_play,430
7,forward_pass,pass,430
8,lateral_pass,pass,430
9,screen_pass,pass,430
10,spot_pass,pass,430
11,flare_pass,pass,430
12,touchback,return,430
13,double_reverse,reverse,430
14,end_run,run,430
15,reverse,run,430
16,handoff,run,430
17,audible,tackle,430
0,cat_fancier,animal_fancier,440
1,bird_fancier,animal_fancier,440
2,maniac,fancier,440
3,suitor,fancier,440
4,technophile,fancier,440
5,animal_fancier,fancier,440
6,horseman,fancier,440
7,admirer,fancier,440
8,worshiper,maniac,440
9,prince_charming,suitor,440
10,hero_worshiper,worshiper,440
0,vitality,energy,455
1,exuberance,energy,455
2,pep,energy,455
3,elan,energy,455
4,vivacity,energy,455
5,alacrity,energy,455
6,irrepressibility,energy,455
7,pertness,energy,455
8,airiness,vitality,455
9,breeziness,vitality,455
10,sparkle,vitality,455
11,madness,vitality,455
12,esprit,vitality,455
13,mettlesomeness,vitality,455
14,lyricism,vitality,455
15,high-spiritedness,vitality,455
16,liveliness,vitality,455
0,baseball_bat,bat,460
1,table-tennis_racquet,bat,460
2,cudgel,club,460
3,lathi,club,460
4,knobkerrie,club,460
5,truncheon,club,460
6,bludgeon,club,460
7,shillelagh,club,460
8,bat,club,460
9,paddle,club,460
10,bastinado,club,460
11,indian_club,club,460
12,blackjack,club,460
0,rationing,allotment,476
1,reallotment,allotment,476
2,parcel,allotment,476
3,allotment,deal,476
4,grant,deal,476
5,new_deal,deal,476
6,reshuffle,deal,476
7,addiction,deal,476
8,grant-in-aid,grant,476
9,block_grant,grant,476
10,award,grant,476
0,arts_and_crafts,handicraft,477
1,needlework,handicraft,477
2,weaving,handicraft,477
3,spinning,handicraft,477
4,bookbinding,handicraft,477
5,sewing,needlework,477
6,knitting,needlework,477
7,crocheting,needlework,477
8,lace_making,needlework,477
9,netting,needlework,477
10,suturing,sewing,477
11,blind_stitching,sewing,477
0,flower_power,counterculture,491
1,bandwagon,counterculture,491
2,mass_culture,culture,491
3,counterculture,culture,491
4,fashion,culture,491
5,taste,culture,491
6,cult_of_personality,culture,491
7,virtu,culture,491
8,letters,culture,491
9,haute_couture,fashion,491
10,new_look,fashion,491
11,vogue,fashion,491
12,retro,fashion,491
13,cut,fashion,491
14,fad,mass_culture,491
15,delicacy,taste,491
0,communication,bridge,501
1,bearing,bridge,501
2,inclusion,connection,501
3,linkage,connection,501
4,alliance,connection,501
5,concatenation,connection,501
6,series,connection,501
7,bridge,connection,501
8,link,connection,501
9,relatedness,connection,501
10,involvement,connection,501
11,implication,connection,501
12,relevance,connection,501
13,materiality,inclusion,501
14,silver_cord,link,501
15,connection,point,501
16,germaneness,relevance,501
17,cogency,relevance,501
18,applicability,relevance,501
