,group,child,parent
0,10,exposure,influence
1,10,manipulation,influence
2,10,enticement,influence
3,10,ingratiation,influence
4,10,seduction,influence
5,10,overexposure,exposure
6,10,underexposure,exposure
7,10,mind game,manipulation
8,10,hypnotism,manipulation
9,10,leading astray,manipulation
10,10,blandishment,enticement
11,10,solicitation,enticement
12,10,cross-pollination,enticement
13,10,impingement,influence
14,101,tent,shelter
15,101,hut,shelter
16,101,refuge,shelter
17,101,haven,shelter
18,101,harbor,shelter
19,101,safehold,shelter
20,101,field tent,tent
21,101,backpacking tent,tent
22,101,umbrella tent,tent
23,101,lean-to tent,tent
24,101,pup tent,tent
25,101,two-man tent,tent
26,101,canvas tent,tent
27,101,bell tent,tent
28,101,pyramidal tent,tent
29,101,Sibley tent,tent
30,101,cottage tent,tent
31,101,wall tent,tent
32,101,mountain tent,tent
33,101,pop tent,tent
34,101,Nissen hut,hut
35,101,mudhif,hut
36,101,cabana,hut
37,101,safe house,refuge
38,101,storm cellar,refuge
39,101,fallout shelter,refuge
40,101,tupik,shelter
41,101,praetorium,shelter
42,101,circus tent,tent
43,101,cookhouse,shelter
44,101,dugout,shelter
45,101,loft,shelter
46,101,mantelet,shelter
47,101,pavilion,shelter
48,101,sconce,shelter
49,101,igloo,shelter
50,101,hovel,shelter
51,101,fly tent,tent
52,101,tepee,tent
53,105,drum,percussion instrument
54,105,piano,percussion instrument
55,105,glockenspiel,percussion instrument
56,105,maraca,percussion instrument
57,105,chime,percussion instrument
58,105,gong,percussion instrument
59,105,vibraphone,percussion instrument
60,105,steel drum,percussion instrument
61,105,timbrel,percussion instrument
62,105,bass drum,drum
63,105,snare drum,drum
64,105,tenor drum,drum
65,105,bongo,drum
66,105,tabor,drum
67,105,grand piano,piano
68,105,upright,piano
69,105,baby grand,piano
70,105,concert grand,piano
71,105,spinet,piano
72,105,mechanical piano,piano
73,105,cymbal,percussion instrument
74,105,high-hat cymbal,cymbal
75,105,triangle,percussion instrument
76,105,tambourine,percussion instrument
77,105,marimba,percussion instrument
78,105,handbell,percussion instrument
79,105,lagerphone,percussion instrument
80,105,carillon,percussion instrument
81,105,bones,percussion instrument
82,105,zill,percussion instrument
83,105,rain stick,percussion instrument
84,105,kettle,percussion instrument
85,105,tambour,percussion instrument
86,13,coefficient of reflection,coefficient
87,13,transmittance,coefficient
88,13,coefficient of elasticity,coefficient
89,13,coefficient of expansion,coefficient
90,13,coefficient of friction,coefficient
91,13,absorption coefficient,coefficient
92,13,drag coefficient,coefficient
93,13,coefficient of viscosity,coefficient
94,13,coefficient of mutual induction,coefficient
95,13,coefficient of self induction,coefficient
96,13,weight,coefficient
97,13,Young's modulus,modulus
98,13,modulus of rigidity,modulus
99,13,bulk modulus,modulus
100,137,microcytic anemia,anemia
101,137,macrocytic anemia,anemia
102,137,sickle-cell anemia,anemia
103,137,thalassemia,anemia
104,137,aplastic anemia,anemia
105,137,iron deficiency anemia,microcytic anemia
106,137,hypochromic anemia,microcytic anemia
107,137,sideroblastic anemia,microcytic anemia
108,137,megaloblastic anemia,macrocytic anemia
109,137,pernicious anemia,macrocytic anemia
110,137,hypoplastic anemia,anemia
111,137,metaplastic anemia,anemia
112,137,Fanconi's anemia,hypoplastic anemia
113,137,hemolytic anemia,anemia
114,137,erythroblastosis fetalis,hemolytic anemia
115,137,favism,hemolytic anemia
116,137,chlorosis,iron deficiency anemia
117,137,Cooley's anemia,thalassemia
118,137,refractory anemia,anemia
119,137,transient ischemic attack,ischemia
120,137,ischemic stroke,ischemia
121,138,marriage,marital status
122,138,bachelorhood,marital status
123,138,spinsterhood,marital status
124,138,widowhood,marital status
125,138,monogamy,marriage
126,138,polygamy,marriage
127,138,civil union,marriage
128,138,common-law marriage,marriage
129,138,monogyny,monogamy
130,138,monandry,monogamy
131,138,serial monogamy,monogamy
132,138,polygyny,polygamy
133,138,polyandry,polygamy
134,138,bigamy,polygamy
135,138,sigeh,polygyny
136,138,open marriage,marriage
137,138,cuckoldom,marriage
138,138,marriage of convenience,marriage
139,138,exogamy,marriage
140,138,endogamy,marriage
141,138,mesalliance,marriage
142,138,misalliance,marriage
143,15,air travel,flight
144,15,sortie,flight
145,15,acrobatics,flight
146,15,hang gliding,flight
147,15,parasailing,flight
148,15,ballooning,flight
149,15,glide,flight
150,15,overflight,air travel
151,15,flyover,air travel
152,15,maiden flight,sortie
153,15,tailspin,acrobatics
154,15,solo,flight
155,15,terrain flight,flight
156,15,blind flying,glide
157,15,pass,flight
158,150,joke,wit
159,150,fun,wit
160,150,banter,wit
161,150,sarcasm,wit
162,150,caricature,wit
163,150,one-liner,joke
164,150,shaggy dog story,joke
165,150,dirty joke,joke
166,150,ethnic joke,joke
167,150,sick joke,joke
168,150,badinage,banter
169,150,repartee,banter
170,150,waggery,banter
171,150,cartoon,caricature
172,150,comic strip,caricature
173,150,parody,wit
174,150,mock-heroic,wit
175,150,persiflage,wit
176,150,drollery,wit
177,150,pungency,wit
178,150,jocosity,wit
179,150,ribaldry,wit
180,150,bon mot,wit
181,150,esprit de l'escalier,wit
182,150,jeu d'esprit,wit
183,150,in-joke,joke
184,150,pun,joke
185,150,sight gag,joke
186,150,topper,joke
187,150,belly laugh,fun
188,150,funny story,fun
189,17,elementary education,education
190,17,secondary education,education
191,17,higher education,education
192,17,adult education,education
193,17,course,education
194,17,required course,course
195,17,elective course,course
196,17,extension course,course
197,17,correspondence course,course
198,17,workshop,course
199,17,seminar,workshop
200,17,industrial arts,course
201,17,shop class,industrial arts
202,17,art class,course
203,17,dramatics,art class
204,17,athletics,education
205,17,coeducation,education
206,17,continuing education,education
207,17,refresher course,continuing education
208,17,orientation course,education
209,17,propaedeutic,education
210,17,directed study,education
211,17,home study,education
212,17,extracurricular activity,education
213,17,childbirth-preparation class,education
214,17,life class,education
215,17,course of lectures,course
216,17,extension,extension course
217,17,team teaching,education
218,17,work-study program,education
219,171,woodpecker,piciform bird
220,171,jacamar,piciform bird
221,171,puffbird,piciform bird
222,171,barbet,piciform bird
223,171,honey guide,piciform bird
224,171,downy woodpecker,woodpecker
225,171,redheaded woodpecker,woodpecker
226,171,wryneck,woodpecker
227,171,green woodpecker,woodpecker
228,171,flicker,woodpecker
229,171,red-shafted flicker,flicker
230,171,yellow-shafted flicker,flicker
231,171,gilded flicker,flicker
232,171,sapsucker,woodpecker
233,171,yellow-bellied sapsucker,sapsucker
234,171,red-breasted sapsucker,sapsucker
235,171,toucan,piciform bird
236,171,toucanet,toucan
237,171,ivorybill,woodpecker
238,171,piculet,piciform bird
239,177,great auk,auk
240,177,auklet,auk
241,177,guillemot,auk
242,177,murre,auk
243,177,little auk,auk
244,177,common guillemot,guillemot
245,177,black guillemot,guillemot
246,177,pigeon guillemot,guillemot
247,177,common murre,murre
248,177,thick-billed murre,murre
249,177,razorbill,guillemot
250,180,apple tree,apple
251,180,crab apple,apple
252,180,wild apple,apple
253,180,wild crab,apple
254,180,Iowa crab,crab apple
255,180,American crab apple,crab apple
256,180,Southern crab apple,crab apple
257,180,Oregon crab apple,crab apple
258,180,Bechtel crab,crab apple
259,180,Siberian crab,wild crab
260,184,introduction,beginning
261,184,initiation,beginning
262,184,installation,beginning
263,184,inauguration,beginning
264,184,startup,beginning
265,184,product introduction,introduction
266,184,housing start,introduction
267,184,groundbreaking,introduction
268,184,curtain raiser,introduction
269,184,induction,initiation
270,184,hypnogenesis,initiation
271,184,activation,installation
272,184,inauguration,inauguration
273,184,communization,inauguration
274,184,collectivization,inauguration
275,184,springboard,startup
276,184,icebreaker,startup
277,184,tip-off,startup
278,184,kickoff,startup
279,184,face-off,startup
280,184,scrum,startup
281,184,jump ball,startup
282,184,first base,startup
283,184,attack,startup
284,184,constitution,inauguration
285,184,federation,inauguration
286,184,unionization,inauguration
287,184,naturalization,inauguration
288,184,authorship,inauguration
289,184,peace initiative,inauguration
290,184,population,beginning
291,184,first step,beginning
292,184,usher in,beginning
293,184,colonization,beginning
294,184,Creation,beginning
295,184,resumption,beginning
296,193,cycad,gymnosperm
297,193,progymnosperm,gymnosperm
298,193,dioon,cycad
299,193,macrozamia,cycad
300,193,ceratozamia,cycad
301,193,burrawang,cycad
302,193,zamia,cycad
303,193,encephalartos,cycad
304,193,welwitschia,cycad
305,198,domestic terrorism,terrorism
306,198,international terrorism,terrorism
307,198,state-sponsored terrorism,terrorism
308,198,chemical terrorism,terrorism
309,198,bioterrorism,terrorism
310,198,nuclear terrorism,terrorism
311,198,cyber-terrorism,terrorism
312,198,ecoterrorism,terrorism
313,198,narcoterrorism,terrorism
314,198,theoterrorism,terrorism
315,200,pocket,pouch
316,200,mailbag,pouch
317,200,sporran,pouch
318,200,breast pocket,pocket
319,200,vest pocket,pocket
320,200,waist pack,pocket
321,200,hip pocket,pocket
322,200,patch pocket,pocket
323,200,fanny pack,waist pack
324,200,diplomatic pouch,mailbag
325,200,tobacco pouch,pouch
326,200,fob,pouch
327,200,slash pocket,pocket
328,212,ceratopsian,ornithischian
329,212,ornithopod,ornithischian
330,212,armored dinosaur,ornithischian
331,212,psittacosaur,ceratopsian
332,212,protoceratops,ceratopsian
333,212,triceratops,ceratopsian
334,212,styracosaur,ceratopsian
335,212,hadrosaur,ornithopod
336,212,edmontosaurus,hadrosaur
337,212,anatotitan,hadrosaur
338,212,trachodon,hadrosaur
339,212,pisanosaur,ornithopod
340,212,ankylosaur,armored dinosaur
341,212,edmontonia,ankylosaur
342,212,stegosaur,armored dinosaur
343,212,corythosaur,hadrosaur
344,212,pachycephalosaur,ornithischian
345,212,bone-headed dinosaur,pachycephalosaur
346,212,staurikosaur,ornithischian
347,215,microphone,electro-acoustic transducer
348,215,loudspeaker,electro-acoustic transducer
349,215,condenser microphone,microphone
350,215,directional microphone,microphone
351,215,cardioid microphone,directional microphone
352,215,crystal microphone,microphone
353,215,spike mike,microphone
354,215,crystal pickup,crystal microphone
355,215,woofer,loudspeaker
356,215,subwoofer,loudspeaker
357,215,tweeter,loudspeaker
358,215,tannoy,loudspeaker
359,215,bullhorn,loudspeaker
360,215,earphone,loudspeaker
361,215,headset,loudspeaker
362,215,earplug,earphone
363,215,telephone receiver,loudspeaker
364,215,squawk box,loudspeaker
365,215,bug,microphone
366,236,vertex,point
367,236,intersection,point
368,236,attractor,point
369,236,component,point
370,236,strange attractor,attractor
371,236,metacenter,attractor
372,236,plot element,component
373,236,McGuffin,plot element
374,236,be-all and end-all,plot element
375,236,intercept,intersection
376,24,capuchin,New World monkey
377,24,saki,New World monkey
378,24,titi,New World monkey
379,24,tamarin,New World monkey
380,24,marmoset,New World monkey
381,24,uakari,New World monkey
382,24,howler monkey,New World monkey
383,24,spider monkey,New World monkey
384,24,woolly monkey,New World monkey
385,24,true tamarin,tamarin
386,24,squirrel monkey,tamarin
387,24,silky tamarin,true tamarin
388,24,pygmy marmoset,marmoset
389,24,douroucouli,uakari
390,24,pinche,howler monkey
391,242,misrepresentation,deception
392,242,trickery,deception
393,242,pretense,deception
394,242,evasion,deception
395,242,fraudulence,deception
396,242,half-truth,misrepresentation
397,242,exaggeration,misrepresentation
398,242,subterfuge,trickery
399,242,snow job,trickery
400,242,pretext,pretense
401,242,facade,pretense
402,242,circumlocution,evasion
403,242,quibble,evasion
404,242,fraud,fraudulence
405,242,humbug,fraudulence
406,242,hypocrisy,deception
407,242,crocodile tears,pretense
408,242,hedge,evasion
409,242,doublespeak,misrepresentation
410,242,bill of goods,misrepresentation
411,242,bluff,trickery
412,247,receptacle,fitting
413,247,reducer,fitting
414,247,pipefitting,fitting
415,247,electric socket,fitting
416,247,socket,receptacle
417,247,outlet box,receptacle
418,247,wall socket,receptacle
419,247,electric socket,socket
420,247,gas fitting,pipefitting
421,247,point,fitting
422,247,slot,fitting
423,251,happiness,emotional state
424,251,unhappiness,emotional state
425,251,state,emotional state
426,251,blessedness,happiness
427,251,ecstasy,happiness
428,251,gratification,happiness
429,251,radiance,happiness
430,251,comfort,happiness
431,251,sadness,unhappiness
432,251,embarrassment,unhappiness
433,251,mourning,unhappiness
434,251,embitterment,sadness
435,251,poignance,sadness
436,251,nirvana,state
437,251,quality of life,state
438,262,farming,cultivation
439,262,gardening,cultivation
440,262,animal husbandry,cultivation
441,262,culture,cultivation
442,262,subsistence farming,farming
443,262,market gardening,farming
444,262,truck farming,farming
445,262,mixed farming,farming
446,262,monoculture,farming
447,262,flower gardening,gardening
448,262,viticulture,gardening
449,262,arboriculture,gardening
450,262,landscaping,gardening
451,262,dairying,animal husbandry
452,262,ranching,animal husbandry
453,262,beekeeping,animal husbandry
454,262,insemination,animal husbandry
455,262,cranberry culture,culture
456,262,hydroponics,culture
457,262,tillage,farming
458,262,plowing,tillage
459,262,aquaculture,farming
460,262,roundup,farming
461,262,drip culture,culture
462,262,strip cropping,farming
463,265,Bantu,Niger-Congo
464,265,Mande,Niger-Congo
465,265,Gur,Niger-Congo
466,265,West African,Niger-Congo
467,265,Swahili,Bantu
468,265,Kongo,Bantu
469,265,Kwa,Bantu
470,265,Nguni,Bantu
471,265,Sotho,Bantu
472,265,Tswana,Bantu
473,265,Shona,Bantu
474,265,Ndebele,Bantu
475,265,Herero,Bantu
476,265,Tonga,Bantu
477,265,Swazi,Bantu
478,265,Luba,Bantu
479,265,Kinyarwanda,Bantu
480,265,Gikuyu,Bantu
481,265,Kamba,Bantu
482,265,Luyia,Bantu
483,265,LuGanda,Bantu
484,265,Nyamwezi,Bantu
485,265,Giriama,Bantu
486,265,Pokomo,Bantu
487,265,Mwera,Bantu
488,265,Umbundu,Bantu
489,265,Kichaga,Bantu
490,265,ChiMwini,Bantu
491,265,Mashi,Bantu
492,265,Fang,Bantu
493,265,Akan,Mande
494,265,Fula,Mande
495,265,Ewe,Gur
496,265,Yoruba,West African
497,265,Wolof,West African
498,265,Sango,West African
499,265,Kiswahili,Swahili
500,265,Sesotho,Sotho
501,265,Chishona,Shona
502,265,Zulu,Nguni
503,265,Xhosa,Nguni
504,268,binary file,computer file
505,268,text file,computer file
506,268,source code,computer file
507,268,ASCII text file,text file
508,268,read-only file,text file
509,268,web page,text file
510,268,home page,web page
511,268,disk file,binary file
512,268,backup file,binary file
513,268,output file,binary file
514,268,input file,binary file
515,268,master file,binary file
516,268,transaction file,binary file
517,28,ball,agglomeration
518,28,bunch,agglomeration
519,28,clew,agglomeration
520,28,coma,agglomeration
521,28,clot,agglomeration
522,28,gob,agglomeration
523,28,knot,agglomeration
524,28,swad,agglomeration
525,28,thrombus,agglomeration
526,28,tuft,agglomeration
527,28,wisp,agglomeration
528,28,embolus,agglomeration
529,28,Pleiades,coma
530,28,Omega Centauri,coma
531,28,Northern Cross,coma
532,28,thrombus,clot
533,28,embolus,clot
534,28,clew,knot
535,28,tuft,knot
536,28,swad,bunch
537,28,wisp,bunch
538,292,low explosive,firework
539,292,sparkler,firework
540,292,squib,firework
541,292,firecracker,firework
542,292,skyrocket,firework
543,292,roman candle,firework
544,292,catherine wheel,firework
545,292,whizbang,firework
546,292,fizgig,firework
547,292,serpent,firework
548,292,cannon cracker,firecracker
549,292,torpedo,firecracker
550,292,maroon,firecracker
551,292,cherry bomb,firecracker
552,312,instrument,means
553,312,road,means
554,312,voice,means
555,312,expedient,means
556,312,invocation,means
557,312,improvisation,means
558,312,instrumentation,instrument
559,312,crutch,instrument
560,312,fast track,road
561,312,royal road,road
562,312,makeshift,expedient
563,312,pis aller,expedient
564,312,desperate measure,expedient
565,312,stepping stone,expedient
566,312,salvation,means
567,312,wings,means
568,312,open sesame,means
569,312,escape,means
570,312,practice,means
571,312,implementation,means
572,312,motorization,means
573,312,tooth,means
574,312,dint,means
575,320,formal garden,garden
576,320,flower garden,garden
577,320,kitchen garden,garden
578,320,herb garden,garden
579,320,rock garden,garden
580,320,grove,garden
581,320,plot,garden
582,320,rose garden,flower garden
583,320,tulip bed,flower garden
584,320,rose bed,flower garden
585,320,flowerbed,flower garden
586,320,lemon grove,grove
587,320,orange grove,grove
588,320,apple orchard,grove
589,320,asparagus bed,kitchen garden
590,320,turnip bed,kitchen garden
591,320,victory garden,kitchen garden
592,320,parterre,formal garden
593,320,topiary,formal garden
594,320,Tuileries,formal garden
595,320,seedbed,plot
596,320,hotbed,plot
597,320,pot farm,plot
598,327,female sibling,kinswoman
599,327,aunt,kinswoman
600,327,niece,kinswoman
601,327,sister,female sibling
602,327,big sister,sister
603,327,little sister,sister
604,327,half sister,sister
605,327,great-aunt,aunt
606,327,maiden aunt,aunt
607,327,great-niece,niece
608,33,flight feather,feather
609,33,contour feather,feather
610,33,down,feather
611,33,plumule,feather
612,33,primary,flight feather
613,33,sickle feather,flight feather
614,33,bastard wing,flight feather
615,33,hackle,contour feather
616,33,saddle hackle,hackle
617,33,scapular,contour feather
618,33,swan's down,down
619,33,duck down,down
620,33,goose down,down
621,33,eiderdown,down
622,33,marabou,down
623,33,aftershaft,feather
624,33,tail feather,feather
625,335,surgical instrument,medical instrument
626,335,endoscope,medical instrument
627,335,diagnostic instrument,medical instrument
628,335,therapeutic instrument,medical instrument
629,335,scalpel,surgical instrument
630,335,surgical knife,surgical instrument
631,335,lancet,surgical instrument
632,335,curette,surgical instrument
633,335,dilator,surgical instrument
634,335,retractor,surgical instrument
635,335,hemostat,surgical instrument
636,335,speculum,surgical instrument
637,335,gastroscope,endoscope
638,335,sigmoidoscope,endoscope
639,335,colonoscope,endoscope
640,335,proctoscope,endoscope
641,335,arthroscope,endoscope
642,335,bronchoscope,endoscope
643,335,laparoscope,endoscope
644,335,otoscope,endoscope
645,335,ophthalmoscope,endoscope
646,335,laryngoscope,endoscope
647,335,rhinoscope,endoscope
648,335,stethoscope,diagnostic instrument
649,335,electroencephalograph,diagnostic instrument
650,335,electromyograph,diagnostic instrument
651,335,cardiograph,diagnostic instrument
652,335,ballistocardiograph,diagnostic instrument
653,335,thermograph,diagnostic instrument
654,335,keratoscope,diagnostic instrument
655,335,fetoscope,diagnostic instrument
656,335,diathermy machine,therapeutic instrument
657,335,shortwave diathermy machine,diathermy machine
658,335,microwave diathermy machine,diathermy machine
659,335,photocoagulator,therapeutic instrument
660,335,dialyzer,therapeutic instrument
661,335,artificial kidney,therapeutic instrument
662,350,cement,adhesive material
663,350,glue,adhesive material
664,350,paste,adhesive material
665,350,binder,adhesive material
666,350,mastic,adhesive material
667,350,animal glue,glue
668,350,casein glue,animal glue
669,350,fish glue,animal glue
670,350,spirit gum,glue
671,350,marine glue,glue
672,350,rubber cement,cement
673,350,putty,cement
674,350,iron putty,putty
675,350,red-lead putty,putty
676,350,birdlime,putty
677,350,wafer,adhesive material
678,353,green salad,salad
679,353,fruit salad,salad
680,353,pasta salad,salad
681,353,combination salad,salad
682,353,Caesar salad,green salad
683,353,tabbouleh,green salad
684,353,Waldorf salad,green salad
685,353,chef's salad,combination salad
686,353,tossed salad,combination salad
687,353,macaroni salad,pasta salad
688,353,chicken salad,salad
689,353,tuna fish salad,salad
690,353,crab Louis,salad
691,353,herring salad,salad
692,353,potato salad,salad
693,353,salmagundi,salad
694,353,molded salad,salad
695,353,coleslaw,salad
696,353,salad nicoise,salad
697,36,hit,score
698,36,strike,score
699,36,goal,score
700,36,run,score
701,36,point,score
702,36,success,score
703,36,home run,hit
704,36,bell ringer,strike
705,36,spare,hit
706,36,field goal,goal
707,36,own goal,goal
708,36,touchdown,goal
709,36,earned run,run
710,36,unearned run,run
711,36,point after,point
712,36,safety,point
713,36,winning,success
714,36,coup,success
715,36,break,success
716,36,blockbuster,success
717,36,sleeper,success
718,36,solution,success
719,36,sexual conquest,success
720,36,seduction,success
721,36,cuckoldry,success
722,36,conquest,success
723,36,hat trick,score
724,36,passing,score
725,36,conversion,score
726,36,open frame,score
727,36,bull's eye,score
728,36,basket,score
729,36,equalizer,score
730,36,flying colors,score
731,361,tape recorder,recorder
732,361,magnetic recorder,recorder
733,361,wire recorder,recorder
734,361,Dictaphone,recorder
735,361,multichannel recorder,recorder
736,361,black box,recorder
737,361,oscillograph,recorder
738,361,cassette recorder,tape recorder
739,361,videocassette recorder,tape recorder
740,361,compact-disk burner,magnetic recorder
741,375,loan,debt
742,375,arrears,debt
743,375,debt limit,debt
744,375,national debt,debt
745,375,bank loan,loan
746,375,direct loan,loan
747,375,interbank loan,loan
748,375,business loan,loan
749,375,personal loan,loan
750,375,home loan,loan
751,375,automobile loan,loan
752,375,real estate loan,loan
753,375,participation loan,loan
754,375,call loan,loan
755,375,installment debt,loan
756,375,installment credit,installment debt
757,375,point,loan
758,375,principal,loan
759,375,bad debt,debt
760,375,national debt ceiling,national debt
761,375,public debt,national debt
762,375,score,debt
763,375,time loan,loan
764,391,lymphocyte,leukocyte
765,391,granulocyte,leukocyte
766,391,monocyte,leukocyte
767,391,B cell,lymphocyte
768,391,T cell,lymphocyte
769,391,plasma cell,lymphocyte
770,391,killer T cell,T cell
771,391,helper T cell,T cell
772,391,plasmablast,B cell
773,391,neutrophil,granulocyte
774,391,eosinophil,granulocyte
775,391,basophil,granulocyte
776,391,monoblast,monocyte
777,391,microphage,monoblast
778,391,myeloblast,granulocyte
779,391,myelocyte,myeloblast
780,391,lymphoblast,lymphocyte
781,395,token,disk
782,395,circle,disk
783,395,diaphragm,disk
784,395,discus,disk
785,395,brake disk,disk
786,395,acetate disk,disk
787,395,puck,disk
788,395,Frisbee,disk
789,395,deadeye,disk
790,395,subway token,token
791,395,planchet,token
792,398,set,mathematical space
793,398,group,mathematical space
794,398,field,mathematical space
795,398,locus,mathematical space
796,398,metric space,mathematical space
797,398,Hilbert space,mathematical space
798,398,Euclidean space,mathematical space
799,398,Mandelbrot set,mathematical space
800,398,subset,set
801,398,subgroup,group
802,398,null set,set
803,398,universal set,set
804,398,sub-interval,subset
805,398,closed interval,sub-interval
806,398,open interval,sub-interval
807,398,Abelian group,group
808,398,scalar field,field
809,398,manifold,locus
810,398,origin,mathematical space
811,398,diagonal,mathematical space
812,398,image,mathematical space
813,398,domain,mathematical space
814,398,solution,mathematical space
815,398,intersection,mathematical space
816,398,null space,mathematical space
817,407,general lien,lien
818,407,security interest,lien
819,407,tax lien,lien
820,407,federal tax lien,tax lien
821,407,state tax lien,tax lien
822,407,mortgage,security interest
823,407,pledge,security interest
824,407,pawn,pledge
825,407,warehouseman's lien,security interest
826,407,garageman's lien,security interest
827,407,mechanic's lien,security interest
828,407,artisan's lien,security interest
829,407,landlord's lien,security interest
830,407,guarantee,security interest
831,407,first mortgage,mortgage
832,407,second mortgage,mortgage
833,407,chattel mortgage,mortgage
834,407,conditional sale,mortgage
835,407,judgment lien,general lien
836,407,collateral,security interest
837,409,civil action,legal action
838,409,criminal suit,legal action
839,409,administrative hearing,legal action
840,409,procedure,legal action
841,409,lawsuit,civil action
842,409,class action,civil action
843,409,paternity suit,civil action
844,409,adoption,civil action
845,409,custody case,civil action
846,409,custody battle,civil action
847,409,countersuit,lawsuit
848,409,counterclaim,lawsuit
849,409,intervention,lawsuit
850,409,prosecution,criminal suit
851,409,court-martial,criminal suit
852,409,Scopes trial,criminal suit
853,409,fair hearing,administrative hearing
854,409,competence hearing,administrative hearing
855,409,naturalization,administrative hearing
856,409,bureaucratic procedure,procedure
857,409,ordeal,procedure
858,409,hearing,procedure
859,409,appeal,legal action
860,409,objection,legal action
861,409,double jeopardy,legal action
862,409,bankruptcy,legal action
863,409,receivership,legal action
864,409,foreclosure,legal action
865,409,judicial review,legal action
866,409,review,legal action
867,409,bill of review,review
868,409,moot,legal action
869,409,litigation,legal action
870,409,vexatious litigation,litigation
871,409,show trial,litigation
872,409,test case,litigation
873,409,quo warranto,litigation
874,409,lis pendens,litigation
875,409,recusation,litigation
876,409,antitrust case,litigation
877,409,proceeding,legal action
878,409,trial,proceeding
879,409,retrial,trial
880,409,mistrial,trial
881,418,graphic,picture
882,418,portrait,picture
883,418,panorama,picture
884,418,scan,picture
885,418,bitmap,picture
886,418,iconography,picture
887,418,self-portrait,portrait
888,418,half-length,portrait
889,418,collage,graphic
890,418,photomontage,graphic
891,418,chiaroscuro,iconography
892,418,grisaille,iconography
893,418,sonogram,scan
894,418,likeness,picture
895,418,reflection,picture
896,418,viewgraph,picture
897,418,Identikit,picture
898,418,slide,picture
899,418,foil,picture
900,418,inset,picture
901,42,earflap,flap
902,42,barndoor,flap
903,42,lapel,flap
904,42,jag,flap
905,42,coattail,flap
906,42,tent-fly,flap
907,42,lappet,flap
908,42,tongue,flap
909,42,cuff,flap
910,42,revers,lapel
911,42,codpiece,flap
912,42,pocket flap,flap
913,42,lap,flap
914,42,trouser cuff,cuff
915,422,blanket,bedclothes
916,422,bedspread,bedclothes
917,422,quilt,bedclothes
918,422,mattress cover,bedclothes
919,422,electric blanket,blanket
920,422,throw,blanket
921,422,quilted bedspread,bedspread
922,422,coverlet,bedspread
923,422,patchwork,quilt
924,422,crazy quilt,patchwork
925,422,afghan,quilt
926,422,eiderdown,quilt
927,422,manta,quilt
928,422,mackinaw,mattress cover
929,422,security blanket,bedclothes
930,430,run,football play
931,430,pass,football play
932,430,return,football play
933,430,audible,football play
934,430,power play,football play
935,430,tackle,football play
936,430,rush,run
937,430,handoff,run
938,430,end run,run
939,430,reverse,run
940,430,double reverse,reverse
941,430,forward pass,pass
942,430,lateral pass,pass
943,430,screen pass,pass
944,430,flare pass,forward pass
945,430,spot pass,forward pass
946,430,touchback,return
947,430,draw,football play
948,440,fancier,admirer
949,440,suitor,admirer
950,440,worshiper,admirer
951,440,maniac,admirer
952,440,technophile,admirer
953,440,animal fancier,fancier
954,440,bird fancier,animal fancier
955,440,cat fancier,animal fancier
956,440,horseman,fancier
957,440,prince charming,suitor
958,440,hero worshiper,worshiper
959,455,energy,vitality
960,455,liveliness,vitality
961,455,exuberance,vitality
962,455,esprit,vitality
963,455,pep,energy
964,455,alacrity,energy
965,455,elan,energy
966,455,vivacity,liveliness
967,455,sparkle,liveliness
968,455,breeziness,liveliness
969,455,high-spiritedness,exuberance
970,455,irrepressibility,exuberance
971,455,mettlesomeness,exuberance
972,455,lyricism,esprit
973,455,madness,esprit
974,455,pertness,esprit
975,460,bat,club
976,460,paddle,club
977,460,bludgeon,club
978,460,cudgel,club
979,460,truncheon,club
980,460,baseball bat,bat
981,460,table-tennis racquet,paddle
982,460,shillelagh,bludgeon
983,460,blackjack,bludgeon
984,460,knobkerrie,cudgel
985,460,lathi,cudgel
986,460,Indian club,club
987,460,bastinado,club
988,476,allotment,grant
989,476,award,grant
990,476,deal,grant
991,476,rationing,grant
992,476,parcel,allotment
993,476,block grant,allotment
994,476,new deal,deal
995,476,grant-in-aid,grant
996,476,reshuffle,grant
997,476,reallotment,grant
998,477,arts and crafts,handicraft
999,477,needlework,handicraft
1000,477,bookbinding,handicraft
1001,477,weaving,handicraft
1002,477,sewing,needlework
1003,477,lace making,needlework
1004,477,blind stitching,sewing
1005,477,suturing,sewing
1006,477,crocheting,arts and crafts
1007,477,knitting,arts and crafts
1008,477,spinning,arts and crafts
1009,477,netting,weaving
1010,491,mass culture,culture
1011,491,counterculture,culture
1012,491,fashion,mass culture
1013,491,haute couture,fashion
1014,491,vogue,fashion
1015,491,New Look,fashion
1016,491,retro,fashion
1017,491,cut,fashion
1018,491,bandwagon,fashion
1019,491,fad,fashion
1020,491,taste,fashion
1021,491,virtu,taste
1022,491,delicacy,taste
1023,491,cult of personality,counterculture
1024,491,letters,culture
1025,491,flower power,counterculture
1026,5,parametric statistic,statistic
1027,5,nonparametric statistic,statistic
1028,5,vital statistics,statistic
1029,5,mean,parametric statistic
1030,5,median,parametric statistic
1031,5,mode,parametric statistic
1032,5,average,parametric statistic
1033,5,arithmetic mean,mean
1034,5,geometric mean,mean
1035,5,harmonic mean,mean
1036,5,moment,parametric statistic
1037,5,mean deviation,mean
1038,5,standard deviation,mean
1039,5,rank-order correlation coefficient,nonparametric statistic
1040,5,Kendall partial rank correlation,nonparametric statistic
1041,5,tau coefficient of correlation,nonparametric statistic
1042,5,biserial correlation coefficient,nonparametric statistic
1043,5,correlation coefficient,parametric statistic
1044,5,product-moment correlation coefficient,correlation coefficient
1045,5,phi coefficient,correlation coefficient
1046,5,tetrachoric correlation coefficient,correlation coefficient
1047,5,split-half correlation,correlation coefficient
1048,5,Kendall test,correlation coefficient
1049,5,covariance,parametric statistic
1050,5,variance,parametric statistic
1051,5,deviation,parametric statistic
1052,5,outlier,parametric statistic
1053,5,time series,parametric statistic
1054,5,demographic,vital statistics
1055,5,age norm,vital statistics
1056,501,link,connection
1057,501,linkage,connection
1058,501,bridge,connection
1059,501,bearing,connection
1060,501,concatenation,connection
1061,501,communication,connection
1062,501,involvement,connection
1063,501,materiality,connection
1064,501,implication,connection
1065,501,silver cord,link
1066,501,point,link
1067,501,alliance,linkage
1068,501,relevance,bearing
1069,501,germaneness,bearing
1070,501,cogency,bearing
1071,501,applicability,bearing
1072,501,series,concatenation
1073,501,inclusion,connection
1074,501,relatedness,connection
1075,514,metric linear unit,metric unit
1076,514,metric weight unit,metric unit
1077,514,metric capacity unit,metric unit
1078,514,metric ton,metric unit
1079,514,meter,metric linear unit
1080,514,kilometer,metric linear unit
1081,514,hectometer,metric linear unit
1082,514,decameter,metric linear unit
1083,514,centimeter,metric linear unit
1084,514,millimeter,metric linear unit
1085,514,micron,metric linear unit
1086,514,nanometer,metric linear unit
1087,514,angstrom,metric linear unit
1088,514,femtometer,metric linear unit
1089,514,picometer,metric linear unit
1090,514,myriameter,metric linear unit
1091,514,gram,metric weight unit
1092,514,kilogram,metric weight unit
1093,514,dekagram,metric weight unit
1094,514,hectogram,metric weight unit
1095,514,centner,metric weight unit
1096,514,quintal,metric weight unit
1097,514,hundredweight,metric weight unit
1098,514,carat,metric weight unit
1099,514,grain,metric weight unit
1100,514,milligram,metric weight unit
1101,514,microgram,metric weight unit
1102,514,nanogram,metric weight unit
1103,514,gram molecule,metric weight unit
1104,514,gram atom,metric weight unit
1105,514,myriagram,metric weight unit
1106,514,liter,metric capacity unit
1107,514,hectoliter,metric capacity unit
1108,514,dekaliter,metric capacity unit
1109,514,deciliter,metric capacity unit
1110,514,centiliter,metric capacity unit
1111,514,milliliter,metric capacity unit
1112,514,kiloliter,metric capacity unit
1113,514,cubic kilometer,metric capacity unit
1114,514,cubic millimeter,metric capacity unit
1115,515,lama,priest
1116,515,magus,priest
1117,515,votary,priest
1118,515,vestal virgin,votary
1119,515,flamen,priest
1120,515,Druid,priest
1121,515,shaman,priest
1122,515,Dalai Lama,lama
1123,515,Panchen Lama,lama
1124,515,hoodoo,magus
1125,515,medicine man,magus
1126,515,bacchant,votary
1127,515,bacchante,votary
1128,515,Rhea Silvia,priest
1129,515,Ezra,priest
1130,515,rainmaker,shaman
1131,525,asceticism,abstinence
1132,525,self-denial,abstinence
1133,525,inhibition,abstinence
1134,525,mortification,asceticism
1135,525,chastity,asceticism
1136,525,fast,self-denial
1137,525,sobriety,self-denial
1138,525,diet,abstinence
1139,525,hunger strike,fast
1140,525,sawm,fast
1141,525,teetotaling,sobriety
1142,531,robbery,larceny
1143,531,embezzlement,larceny
1144,531,piracy,larceny
1145,531,plunderage,larceny
1146,531,breach of trust with fraudulent intent,larceny
1147,531,armed robbery,robbery
1148,531,highway robbery,robbery
1149,531,dacoity,robbery
1150,531,biopiracy,piracy
1151,531,shoplifting,larceny
1152,531,petit larceny,larceny
1153,531,grand larceny,larceny
1154,531,rustling,larceny
1155,531,skimming,larceny
1156,531,heist,larceny
1157,531,caper,larceny
1158,531,rolling,larceny
1159,531,highjacking,larceny
1160,531,pilferage,plunderage
1161,531,raid,plunderage
1162,532,filer,litigant
1163,532,plaintiff,litigant
1164,532,defendant,litigant
1165,532,respondent,litigant
1166,532,suer,plaintiff
1167,532,appellant,plaintiff
1168,532,accused,defendant
1169,532,codefendant,defendant
1170,532,corespondent,respondent
1171,532,prevailing party,respondent
1172,535,empathy,concern
1173,535,compatibility,concern
1174,535,kindheartedness,concern
1175,535,commiseration,concern
1176,535,forgiveness,concern
1177,535,solicitude,concern
1178,535,sympathy,empathy
1179,535,compassion,empathy
1180,535,tenderness,compassion
1181,535,mercifulness,compassion
1182,535,softheartedness,kindheartedness
1183,535,mellowness,kindheartedness
1184,535,heartstrings,commiseration
1185,559,cyclist,rider
1186,559,horseman,rider
1187,559,hang glider,rider
1188,559,unicyclist,cyclist
1189,559,pedaler,cyclist
1190,559,Hinault,cyclist
1191,559,Merckx,cyclist
1192,559,jockey,horseman
1193,559,picador,horseman
1194,559,postilion,horseman
1195,559,fox hunter,horseman
1196,559,horsewoman,horseman
1197,559,roughrider,horseman
1198,559,buster,horseman
1199,561,cabbage,cruciferous vegetable
1200,561,broccoli,cruciferous vegetable
1201,561,cauliflower,cruciferous vegetable
1202,561,kale,cruciferous vegetable
1203,561,collards,cruciferous vegetable
1204,561,mustard,cruciferous vegetable
1205,561,turnip,cruciferous vegetable
1206,561,head cabbage,cabbage
1207,561,savoy cabbage,cabbage
1208,561,red cabbage,cabbage
1209,561,Chinese cabbage,cabbage
1210,561,broccoli rabe,broccoli
1211,561,white turnip,turnip
1212,561,rutabaga,turnip
1213,561,bok choy,cruciferous vegetable
1214,561,kohlrabi,cruciferous vegetable
1215,561,brussels sprouts,cruciferous vegetable
1216,563,albatross,procellariiform seabird
1217,563,petrel,procellariiform seabird
1218,563,shearwater,procellariiform seabird
1219,563,wandering albatross,albatross
1220,563,black-footed albatross,albatross
1221,563,diving petrel,petrel
1222,563,giant petrel,petrel
1223,563,storm petrel,petrel
1224,563,white-chinned petrel,petrel
1225,563,fulmar,petrel
1226,563,Manx shearwater,shearwater
1227,563,stormy petrel,storm petrel
1228,563,Mother Carey's chicken,storm petrel
1229,569,tempo,rhythm
1230,569,musical time,rhythm
1231,569,syncopation,rhythm
1232,569,rubato,rhythm
1233,569,allegro,tempo
1234,569,allegretto,tempo
1235,569,andante,tempo
1236,569,meno mosso,tempo
1237,569,accelerando,tempo
1238,569,allegro con spirito,allegro
1239,569,common time,musical time
1240,569,triple time,musical time
1241,569,duple time,musical time
1242,569,downbeat,common time
1243,569,upbeat,common time
1244,569,backbeat,downbeat
1245,569,in time,rhythm
1246,577,homo,hominid
1247,577,australopithecine,hominid
1248,577,Paranthropus,hominid
1249,577,dryopithecine,hominid
1250,577,Sivapithecus,hominid
1251,577,Homo habilis,homo
1252,577,Homo erectus,homo
1253,577,Homo sapiens,homo
1254,577,Homo soloensis,homo
1255,577,Homo sapiens sapiens,Homo sapiens
1256,577,Australopithecus afarensis,australopithecine
1257,577,Australopithecus africanus,australopithecine
1258,577,Australopithecus boisei,australopithecine
1259,577,Australopithecus robustus,australopithecine
1260,577,Lucy,Australopithecus afarensis
1261,577,Java man,Homo erectus
1262,577,Peking man,Homo erectus
1263,577,Neandertal man,Homo sapiens
1264,577,Cro-magnon,Homo sapiens sapiens
1265,577,Boskop man,Homo sapiens sapiens
1266,577,Zinjanthropus,Australopithecus boisei
1267,577,Sinanthropus,Homo erectus
1268,577,Rhodesian man,Homo sapiens
1269,577,Pithecanthropus,Homo erectus
1270,577,Solo man,Homo soloensis
1271,577,rudapithecus,dryopithecine
1272,58,salicylate,nonsteroidal anti-inflammatory
1273,58,ibuprofen,nonsteroidal anti-inflammatory
1274,58,indomethacin,nonsteroidal anti-inflammatory
1275,58,diclofenac,nonsteroidal anti-inflammatory
1276,58,naproxen,nonsteroidal anti-inflammatory
1277,58,piroxicam,nonsteroidal anti-inflammatory
1278,58,fenoprofen,nonsteroidal anti-inflammatory
1279,58,mefenamic acid,nonsteroidal anti-inflammatory
1280,58,meclofenamate,nonsteroidal anti-inflammatory
1281,58,sulindac,nonsteroidal anti-inflammatory
1282,58,tolmetin sodium,nonsteroidal anti-inflammatory
1283,58,ketoprofen,nonsteroidal anti-inflammatory
1284,58,flurbiprofen,nonsteroidal anti-inflammatory
1285,58,oxaprozin,nonsteroidal anti-inflammatory
1286,58,nabumetone,nonsteroidal anti-inflammatory
1287,58,etodolac,nonsteroidal anti-inflammatory
1288,58,ketorolac,nonsteroidal anti-inflammatory
1289,58,diflunisal,nonsteroidal anti-inflammatory
1290,58,aspirin,salicylate
1291,58,methyl salicylate,salicylate
1292,58,salol,salicylate
1293,58,aspirin powder,aspirin
1294,58,buffered aspirin,aspirin
1295,58,enteric-coated aspirin,aspirin
1296,58,diclofenac potassium,diclofenac
1297,58,diclofenac sodium,diclofenac
1298,58,naproxen sodium,naproxen
1299,58,ketorolac tromethamine,ketorolac
1300,584,syphilis,venereal disease
1301,584,gonorrhea,venereal disease
1302,584,chlamydia,venereal disease
1303,584,lymphogranuloma venereum,venereal disease
1304,584,genital herpes,venereal disease
1305,584,granuloma inguinale,venereal disease
1306,584,primary syphilis,syphilis
1307,584,secondary syphilis,syphilis
1308,584,tertiary syphilis,syphilis
1309,584,neurosyphilis,tertiary syphilis
1310,584,tabes dorsalis,neurosyphilis
1311,589,timber,post
1312,589,column,post
1313,589,stanchion,post
1314,589,pile,post
1315,589,upright,post
1316,589,lamppost,post
1317,589,telephone pole,post
1318,589,maypole,post
1319,589,scantling,timber
1320,589,lally,timber
1321,589,shaft,timber
1322,589,pilaster,column
1323,589,caryatid,column
1324,589,atlas,column
1325,589,newel post,stanchion
1326,589,gatepost,stanchion
1327,589,doorjamb,stanchion
1328,589,hinging post,stanchion
1329,589,sheet pile,pile
1330,589,stake,pile
1331,589,carrick bitt,pile
1332,589,jamb,doorjamb
1333,589,shutting post,doorjamb
1334,589,corner post,gatepost
1335,589,whipping post,gatepost
1336,589,newel,newel post
1337,589,ridding bitt,scantling
1338,589,hop pole,scantling
1339,589,stile,scantling
1340,589,bollard,stanchion
1341,589,queen post,stanchion
1342,589,king post,stanchion
1343,589,hitching post,stanchion
1344,589,goalpost,stanchion
1345,589,rudderpost,stanchion
1346,589,support column,column
1347,589,standard,column
1348,589,stump,post
1349,599,club moss,fern ally
1350,599,horsetail,fern ally
1351,599,spikemoss,fern ally
1352,599,quillwort,fern ally
1353,599,resurrection plant,fern ally
1354,599,ground cedar,club moss
1355,599,fir clubmoss,club moss
1356,599,shining clubmoss,club moss
1357,599,alpine clubmoss,club moss
1358,599,running pine,club moss
1359,599,common horsetail,horsetail
1360,599,swamp horsetail,horsetail
1361,599,marsh horsetail,horsetail
1362,599,wood horsetail,horsetail
1363,599,variegated horsetail,horsetail
1364,599,meadow spikemoss,spikemoss
1365,599,rock spikemoss,spikemoss
1366,599,desert selaginella,spikemoss
1367,599,florida selaginella,spikemoss
1368,599,whisk fern,fern ally
1369,599,skeleton fork fern,fern ally
1370,599,foxtail grass,fern ally
1371,599,ground fir,fern ally
1372,599,ground pine,fern ally
1373,599,scouring rush,horsetail
1374,607,society,culture
1375,607,civilization,culture
1376,607,tribal society,culture
1377,607,Western culture,culture
1378,607,Islam,culture
1379,607,hunting and gathering tribe,tribal society
1380,607,Paleo-American culture,hunting and gathering tribe
1381,607,Clovis culture,hunting and gathering tribe
1382,607,Folsom culture,hunting and gathering tribe
1383,607,Aegean civilization,civilization
1384,607,Cycladic civilization,Aegean civilization
1385,607,Helladic civilization,Aegean civilization
1386,607,Minoan civilization,Aegean civilization
1387,607,Mycenaean civilization,Aegean civilization
1388,607,Indus civilization,civilization
1389,607,open society,society
1390,608,perversion,paraphilia
1391,608,exhibitionism,paraphilia
1392,608,voyeurism,paraphilia
1393,608,fetishism,paraphilia
1394,608,pedophilia,paraphilia
1395,608,pederasty,pedophilia
1396,608,sodomy,perversion
1397,608,zoophilia,perversion
1398,608,oral sex,perversion
1399,608,fellatio,oral sex
1400,608,cunnilingus,oral sex
1401,608,cock sucking,oral sex
1402,608,soixante-neuf,oral sex
1403,619,card,paperboard
1404,619,cardboard,paperboard
1405,619,pasteboard,paperboard
1406,619,strawboard,paperboard
1407,619,millboard,paperboard
1408,619,binder's board,paperboard
1409,619,timecard,card
1410,619,corrugated board,cardboard
1411,619,excelsior,cardboard
1412,625,summer squash,squash
1413,625,winter squash,squash
1414,625,zucchini,summer squash
1415,625,yellow squash,summer squash
1416,625,crookneck,summer squash
1417,625,cymling,summer squash
1418,625,marrow,summer squash
1419,625,cocozelle,summer squash
1420,625,acorn squash,winter squash
1421,625,butternut squash,winter squash
1422,625,hubbard squash,winter squash
1423,625,turban squash,winter squash
1424,625,cushaw,winter squash
1425,625,pumpkin,winter squash
1426,625,spaghetti squash,winter squash
1427,625,buttercup squash,winter squash
1428,625,winter crookneck,winter squash
1429,626,salesman,salesperson
1430,626,salesgirl,salesperson
1431,626,salesclerk,salesperson
1432,626,shop assistant,salesperson
1433,626,traveling salesman,salesman
1434,626,pitchman,salesman
1435,626,shop boy,salesclerk
1436,626,shop girl,salesclerk
1437,626,midinette,salesgirl
1438,626,book agent,salesperson
1439,626,tallyman,salesperson
1440,626,demonstrator,salesperson
1441,631,adelgid,aphid
1442,631,greenfly,aphid
1443,631,woolly aphid,aphid
1444,631,apple aphid,aphid
1445,631,spruce gall aphid,aphid
1446,631,pine leaf aphid,aphid
1447,631,oak blight,aphid
1448,631,plant louse,aphid
1449,631,woolly adelgid,adelgid
1450,631,woolly apple aphid,woolly aphid
1451,631,woolly alder aphid,woolly aphid
1452,631,balsam woolly aphid,woolly aphid
1453,631,green peach aphid,greenfly
1454,631,pale chrysanthemum aphid,greenfly
1455,631,jumping plant louse,plant louse
1456,631,ant cow,aphid
1457,631,blackfly,aphid
1458,631,grape louse,aphid
1459,635,gorilla,great ape
1460,635,chimpanzee,great ape
1461,635,orangutan,great ape
1462,635,lesser ape,great ape
1463,635,gibbon,lesser ape
1464,635,siamang,lesser ape
1465,635,western lowland gorilla,gorilla
1466,635,mountain gorilla,gorilla
1467,635,eastern lowland gorilla,gorilla
1468,635,silverback,gorilla
1469,635,western chimpanzee,chimpanzee
1470,635,central chimpanzee,chimpanzee
1471,635,eastern chimpanzee,chimpanzee
1472,635,pygmy chimpanzee,chimpanzee
1473,64,clast,fragment
1474,64,bit,fragment
1475,64,cinder,clast
1476,64,ember,clast
1477,64,iron filing,bit
1478,64,metal filing,bit
1479,64,filing,metal filing
1480,64,splinter,fragment
1481,64,splint,splinter
1482,64,scraping,fragment
1483,64,scurf,scraping
1484,64,dander,scraping
1485,64,paring,fragment
1486,64,matchwood,paring
1487,64,brickbat,paring
1488,64,restriction fragment,fragment
1489,64,dandruff,dander
1490,64,scale,dander
1491,64,spall,fragment
1492,64,spark,fragment
1493,64,turning,fragment
1494,640,prophet,diviner
1495,640,prophetess,prophet
1496,640,necromancer,diviner
1497,640,augur,diviner
1498,640,sibyl,diviner
1499,640,oneiromancer,diviner
1500,640,geomancer,diviner
1501,640,hydromancer,geomancer
1502,640,lithomancer,geomancer
1503,640,pyromancer,diviner
1504,640,water witch,hydromancer
1505,640,onomancer,diviner
1506,640,Cassandra,prophetess
1507,648,insanity,irrationality
1508,648,dementia,irrationality
1509,648,derangement,irrationality
1510,648,Alzheimer's disease,dementia
1511,648,Pick's disease,dementia
1512,648,senile dementia,dementia
1513,648,presenile dementia,dementia
1514,648,alcoholic dementia,dementia
1515,648,lunacy,insanity
1516,648,craziness,insanity
1517,652,discomycete,ascomycete
1518,652,Clavicipitaceae,ascomycete
1519,652,Geglossaceae,ascomycete
1520,652,Sarcosomataceae,ascomycete
1521,652,Aleuria aurantia,discomycete
1522,652,Caloscypha fulgens,discomycete
1523,652,Mitrula elegans,discomycete
1524,652,Peziza domicilina,discomycete
1525,652,Sarcoscypha coccinea,discomycete
1526,652,Galiella rufa,Clavicipitaceae
1527,652,Jafnea semitosta,Geglossaceae
1528,652,Leotia lubrica,ascomycete
1529,652,Urnula craterium,ascomycete
1530,661,abacus,calculator
1531,661,adder,calculator
1532,661,subtracter,calculator
1533,661,counter,calculator
1534,661,hand calculator,calculator
1535,661,Napier's bones,hand calculator
1536,661,pulse counter,hand calculator
1537,661,scaler,calculator
1538,661,quipu,calculator
1539,661,adding machine,calculator
1540,675,police,law enforcement agency
1541,675,secret police,law enforcement agency
1542,675,gendarmerie,law enforcement agency
1543,675,Mutawa'een,law enforcement agency
1544,675,Bureau of Alcohol Tobacco and Firearms,law enforcement agency
1545,675,Drug Enforcement Administration,law enforcement agency
1546,675,Federal Bureau of Prisons,law enforcement agency
1547,675,United States Marshals Service,law enforcement agency
1548,675,Financial Crimes Enforcement Network,law enforcement agency
1549,675,Federal Law Enforcement Training Center,law enforcement agency
1550,675,Europol,law enforcement agency
1551,675,National Institute of Justice,law enforcement agency
1552,675,Criminal Investigation Command,law enforcement agency
1553,675,posse,law enforcement agency
1554,675,Scotland Yard,police
1555,675,Royal Canadian Mounted Police,police
1556,675,Federal Bureau of Investigation,police
1557,675,Gestapo,secret police
1558,675,Schutzstaffel,secret police
1559,675,Federal Judiciary,law enforcement agency
1560,683,collision,accident
1561,683,injury,accident
1562,683,mutilation,accident
1563,683,fatal accident,accident
1564,683,collateral damage,accident
1565,683,crash,collision
1566,683,smash,collision
1567,683,prang,collision
1568,683,pileup,collision
1569,683,shipwreck,crash
1570,683,capsizing,crash
1571,683,fender-bender,collision
1572,683,concussion,injury
1573,683,dismemberment,mutilation
1574,685,aggression,behavior
1575,685,discourtesy,behavior
1576,685,indelicacy,behavior
1577,685,bohemianism,behavior
1578,685,bullying,aggression
1579,685,terrorization,aggression
1580,685,aggro,aggression
1581,685,dirty tricks,bullying
1582,685,dirty pool,bullying
1583,685,insult,discourtesy
1584,685,derision,discourtesy
1585,685,mock,discourtesy
1586,685,snub,discourtesy
1587,685,rebuff,discourtesy
1588,685,indignity,discourtesy
1589,685,presumption,indelicacy
1590,685,insolence,indelicacy
1591,685,bitchery,indelicacy
1592,685,twit,insolence
1593,685,scandalization,indignity
1594,685,raising hell,scandalization
1595,685,last straw,scandalization
1596,685,silent treatment,snub
1597,685,easiness,behavior
1598,685,self-assertion,behavior
1599,685,the way of the world,behavior
1600,697,luminescence,light
1601,697,beam,light
1602,697,radiance,light
1603,697,glow,light
1604,697,scintillation,light
1605,697,twilight,light
1606,697,bioluminescence,luminescence
1607,697,chemiluminescence,luminescence
1608,697,fluorescence,luminescence
1609,697,phosphorescence,luminescence
1610,697,incandescence,luminescence
1611,697,laser beam,beam
1612,697,sunbeam,beam
1613,697,moonbeam,beam
1614,697,high beam,beam
1615,697,low beam,beam
1616,697,heat ray,beam
1617,697,sunlight,radiance
1618,697,daylight,radiance
1619,697,moonlight,radiance
1620,697,starlight,radiance
1621,697,firelight,radiance
1622,697,candlelight,radiance
1623,697,gaslight,radiance
1624,697,lamplight,radiance
1625,697,torchlight,radiance
1626,697,friar's lantern,radiance
1627,697,corona,glow
1628,697,aureole,glow
1629,697,sky glow,glow
1630,697,autofluorescence,fluorescence
1631,697,sunburst,sunlight
1632,697,meteor,light
1633,697,bolide,light
1634,697,streamer,light
1635,697,counterglow,light
1636,697,half-light,light
1637,697,infrared ray,light
1638,698,hang,gymnastic exercise
1639,698,handstand,gymnastic exercise
1640,698,dip,gymnastic exercise
1641,698,circle,gymnastic exercise
1642,698,straight hang,hang
1643,698,reverse hang,hang
1644,698,inverted hang,hang
1645,698,bent hang,hang
1646,698,lever hang,hang
1647,698,piked reverse hang,reverse hang
1648,698,crucifix,handstand
1649,698,double leg circle,circle
1650,698,grand circle,circle
1651,698,long fly,circle
1652,698,kip,gymnastic exercise
1653,698,straddle,gymnastic exercise
1654,698,scissors,gymnastic exercise
1655,710,necktie,neckwear
1656,710,ascot,neckwear
1657,710,bow tie,neckwear
1658,710,cravat,neckwear
1659,710,black tie,bow tie
1660,710,white tie,bow tie
1661,710,four-in-hand,necktie
1662,710,Windsor tie,necktie
1663,710,old school tie,necktie
1664,710,neckcloth,ascot
1665,710,bolo tie,neckwear
1666,710,string tie,neckwear
1667,735,gown,vestment
1668,735,alb,vestment
1669,735,chasuble,vestment
1670,735,pallium,vestment
1671,735,surplice,vestment
1672,735,academic gown,gown
1673,735,Geneva gown,gown
1674,735,cassock,vestment
1675,735,soutane,cassock
1676,735,pontifical,vestment
1677,735,humeral veil,vestment
1678,737,tumble,acrobatic stunt
1679,737,headstand,acrobatic stunt
1680,737,backbend,acrobatic stunt
1681,737,cartwheel,tumble
1682,737,handspring,tumble
1683,737,walkover,tumble
1684,737,somersault,tumble
1685,737,flip-flop,cartwheel
1686,737,back circle,backbend
1687,737,split,acrobatic stunt
1688,742,pituitary,endocrine gland
1689,742,thyroid gland,endocrine gland
1690,742,adrenal gland,endocrine gland
1691,742,parathyroid gland,endocrine gland
1692,742,pineal gland,endocrine gland
1693,742,gonad,endocrine gland
1694,742,thymus gland,endocrine gland
1695,742,anterior pituitary,pituitary
1696,742,posterior pituitary,pituitary
1697,742,pars intermedia,pituitary
1698,742,pars distilis,pituitary
1699,742,adrenal cortex,adrenal gland
1700,742,adrenal medulla,adrenal gland
1701,742,ovary,gonad
1702,742,testis,gonad
1703,742,ovotestis,gonad
1704,742,undescended testis,testis
1705,742,islands of Langerhans,endocrine gland
1706,742,corpus luteum,endocrine gland
1707,742,prostate gland,endocrine gland
1708,752,bidder,applicant
1709,752,petitioner,applicant
1710,752,claimant,applicant
1711,752,aspirant,applicant
1712,752,postulant,applicant
1713,752,solicitor,applicant
1714,752,fundraiser,applicant
1715,752,submitter,bidder
1716,752,probable,bidder
1717,752,possible,bidder
1718,752,job candidate,aspirant
1719,752,besieger,applicant
1720,752,Pretender,applicant
1721,755,handsaw,saw
1722,755,pruning saw,saw
1723,755,coping saw,saw
1724,755,compass saw,saw
1725,755,backsaw,handsaw
1726,755,ripsaw,handsaw
1727,755,crosscut saw,handsaw
1728,755,two-handed saw,handsaw
1729,755,folding saw,handsaw
1730,755,keyhole saw,handsaw
1731,755,pruner,pruning saw
1732,755,bill,pruning saw
1733,755,buck saw,saw
1734,755,pitsaw,saw
1735,755,crown saw,saw
1736,755,hacksaw,saw
1737,757,agamete,spore
1738,757,oospore,spore
1739,757,microspore,spore
1740,757,megaspore,spore
1741,757,basidiospore,spore
1742,757,ascospore,spore
1743,757,conidium,spore
1744,757,zoospore,spore
1745,757,pollen,microspore
1746,757,pollinium,pollen
1747,757,ragweed pollen,pollen
1748,757,tetraspore,megaspore
1749,757,fern seed,megaspore
1750,757,aeciospore,oospore
1751,757,teliospore,oospore
1752,757,carpospore,oospore
1753,757,chlamydospore,ascospore
1754,757,endospore,spore
1755,757,resting spore,spore
1756,757,zygospore,spore
1757,78,native,Russian
1758,78,Tatar,Russian
1759,78,Mordva,Russian
1760,78,Cheremis,Russian
1761,78,Karelian,Russian
1762,78,Veps,Russian
1763,78,Muscovite,Russian
1764,78,Siberian,native
1765,78,Samoyed,Siberian
1766,78,Yeniseian,Siberian
1767,78,Nganasan,Siberian
1768,78,Selkup,Siberian
1769,78,Ostyak,Siberian
1770,78,Vogul,Siberian
1771,78,Komi,Russian
1772,78,Udmurt,Russian
1773,78,Ingrian,Russian
1774,78,Chechen,Russian
1775,78,Georgian,Russian
1776,78,Levantine,Russian
1777,78,Cebuan,Filipino
1778,78,Tagalog,Filipino
1779,78,Visayan,Filipino
1780,78,Moro,Filipino
1781,78,Mauritian,Seychellois
1782,78,Chukchi,Siberian
1783,78,Great Russian,Russian
1784,78,Filipino,Russian
1785,78,Seychellois,Russian
1786,8,longways,country-dance
1787,8,square dance,country-dance
1788,8,quadrille,country-dance
1789,8,reel,longways
1790,8,highland fling,reel
1791,8,eightsome,reel
1792,8,Virginia reel,reel
1793,8,do-si-do,square dance
1794,8,lancers,quadrille
1795,8,promenade,country-dance
1796,8,sashay,country-dance
1797,8,swing,country-dance
1798,8,landler,country-dance
1799,86,sperm whale,toothed whale
1800,86,pilot whale,toothed whale
1801,86,beaked whale,toothed whale
1802,86,river dolphin,toothed whale
1803,86,dolphin,toothed whale
1804,86,porpoise,toothed whale
1805,86,bottlenose dolphin,dolphin
1806,86,Pacific bottlenose dolphin,bottlenose dolphin
1807,86,Atlantic bottlenose dolphin,bottlenose dolphin
1808,86,bottle-nosed whale,bottlenose dolphin
1809,86,vaquita,river dolphin
1810,86,harbor porpoise,porpoise
1811,86,pygmy sperm whale,sperm whale
1812,86,dwarf sperm whale,sperm whale
1813,86,grampus,pilot whale
1814,86,killer whale,toothed whale
1815,86,common dolphin,dolphin
1816,86,white whale,toothed whale
1817,88,survey,examination
1818,88,inspection,examination
1819,88,search,examination
1820,88,testing,examination
1821,88,screening,examination
1822,88,audit,examination
1823,88,collation,survey
1824,88,resurvey,survey
1825,88,going-over,inspection
1826,88,once-over,inspection
1827,88,fine-tooth comb,inspection
1828,88,scan,search
1829,88,spot check,search
1830,88,comparison,testing
1831,88,contrast,testing
1832,88,analogy,testing
1833,88,sigmoidoscopy,screening
1834,88,colonoscopy,screening
1835,88,gastroscopy,screening
1836,88,hysteroscopy,screening
1837,88,gonioscopy,screening
1838,88,ophthalmoscopy,screening
1839,88,rhinoscopy,screening
1840,88,keratoscopy,screening
1841,88,proctoscopy,screening
1842,88,celioscopy,screening
1843,88,bank examination,audit
1844,88,time and motion study,audit
1845,88,autopsy,examination
1846,88,check,examination
1847,88,checkup,examination
1848,88,follow-up,examination
1849,88,genetic screening,screening
1850,88,palpation,examination
1851,88,ballottement,examination
1852,88,culdoscopy,screening
1853,88,confrontation,examination
1854,88,endoscopy,screening
1855,88,likening,testing
1856,9,drug addict,addict
1857,9,caffeine addict,addict
1858,9,heroin addict,drug addict
1859,9,cocaine addict,drug addict
1860,9,opium addict,drug addict
1861,9,crack addict,drug addict
1862,9,speed freak,drug addict
1863,9,pill head,drug addict
1864,9,hash head,drug addict
1865,9,acid head,drug addict
1866,9,pothead,drug addict
1867,9,head,drug addict
1868,9,tripper,drug addict
1869,9,withdrawer,addict
1870,92,Boy Scout,male child
1871,92,schoolboy,male child
1872,92,farm boy,male child
1873,92,plowboy,male child
1874,92,shop boy,male child
1875,92,altar boy,male child
1876,92,ball boy,male child
1877,92,bat boy,male child
1878,92,Rover,male child
1879,92,Sea Scout,male child
1880,92,Fauntleroy,male child
1881,92,Cub Scout,Boy Scout
1882,92,Scout,Boy Scout
1883,92,Eagle Scout,Boy Scout
