,embedding_runtime,graph_matching_runtime,problem_build_runtimes,problem_solve_runtimes
0,"[0.0009920597076416016, 0.0]","[0.0, 0.0]",0.006994724273681641,0.04353499412536621
1,"[0.0, 0.0]","[0.0, 0.0]",0.002378702163696289,0.0515904426574707
2,"[0.0, 0.0]","[0.0009999275207519531, 0.0]",0.005327701568603516,0.050919294357299805
3,"[0.0, 0.0]","[0.0, 0.0]",0.0029964447021484375,0.04102945327758789
4,"[0.0, 0.0]","[0.0, 0.0]",0.0010063648223876953,0.04550361633300781
5,"[0.0, 0.0]","[0.0, 0.0]",0.0009989738464355469,0.037996530532836914
6,"[0.0, 0.0010094642639160156]","[0.0, 0.0]",0.0025064945220947266,0.04342532157897949
7,"[0.0, 0.0]","[0.0, 0.0]",0.0015108585357666016,0.04292488098144531
8,"[0.0, 0.0]","[0.0, 0.0]",0.001012563705444336,0.04561257362365723
9,"[0.0, 0.0]","[0.0, 0.0]",0.0039975643157958984,0.04854273796081543
10,"[0.0009992122650146484, 0.0]","[0.0, 0.0]",0.0030069351196289062,0.048529624938964844
11,"[0.0, 0.0]","[0.0, 0.0]",0.0010068416595458984,0.051575422286987305
12,"[0.0, 0.0]","[0.0, 0.0]",0.0032312870025634766,0.03811168670654297
13,"[0.0, 0.0]","[0.0, 0.0]",0.0009989738464355469,0.04600358009338379
14,"[0.0, 0.0]","[0.0, 0.0]",0.001998424530029297,0.045047760009765625
15,"[0.0009982585906982422, 0.0]","[0.0, 0.0]",0.0019979476928710938,0.04200124740600586
16,"[0.0, 0.0]","[0.0, 0.0]",0.00591278076171875,0.043250083923339844
17,"[0.0, 0.0]","[0.0, 0.0]",0.0020084381103515625,0.05389809608459473
18,"[0.0, 0.0]","[0.0, 0.0]",0.0010809898376464844,0.044623613357543945
19,"[0.0, 0.0]","[0.0, 0.0]",0.001998424530029297,0.049686431884765625
20,"[0.0, 0.0]","[0.0, 0.0]",0.0009980201721191406,0.03301095962524414
21,"[0.0, 0.0]","[0.0, 0.0]",0.0019991397857666016,0.04252362251281738
22,"[0.0, 0.0]","[0.0, 0.0]",0.0029942989349365234,0.04749107360839844
23,"[0.0, 0.0]","[0.0, 0.0]",0.002997875213623047,0.048775434494018555
24,"[0.0, 0.0]","[0.0, 0.0]",0.00200653076171875,0.044676780700683594
25,"[0.0, 0.0]","[0.0, 0.0]",0.0010390281677246094,0.010952949523925781
26,"[0.0010006427764892578, 0.0]","[0.0, 0.0]",0.008043766021728516,0.046363115310668945
27,"[0.0, 0.0]","[0.0, 0.0]",0.00499725341796875,0.0483705997467041
28,"[0.0, 0.0010006427764892578]","[0.0, 0.0]",0.002092599868774414,0.04044151306152344
29,"[0.0, 0.0]","[0.0, 0.0]",0.001997709274291992,0.04098057746887207
30,"[0.001999378204345703, 0.0]","[0.0, 0.0]",0.007912874221801758,0.05608773231506348
31,"[0.0, 0.0]","[0.0, 0.0]",0.002081155776977539,0.04930543899536133
32,"[0.0, 0.0010001659393310547]","[0.0, 0.0]",0.0019996166229248047,0.04552578926086426
33,"[0.0, 0.0]","[0.0, 0.0]",0.0019979476928710938,0.043300628662109375
34,"[0.0, 0.0]","[0.0019927024841308594, 0.0]",0.006003618240356445,0.0589902400970459
35,"[0.0, 0.0]","[0.0, 0.0]",0.004014015197753906,0.04426431655883789
36,"[0.0, 0.0]","[0.0, 0.0]",0.0029985904693603516,0.04638671875
37,"[0.0, 0.0]","[0.0, 0.0]",0.0009005069732666016,0.05235457420349121
38,"[0.0, 0.0]","[0.0, 0.0]",0.0010094642639160156,0.052597999572753906
39,"[0.0, 0.0010023117065429688]","[0.0, 0.0]",0.002996683120727539,0.04726147651672363
40,"[0.0, 0.0]","[0.0, 0.0]",0.0010001659393310547,0.04903411865234375
41,"[0.0, 0.0]","[0.0, 0.0]",0.0009992122650146484,0.041591644287109375
42,"[0.0, 0.0]","[0.0, 0.0]",0.0010080337524414062,0.04536604881286621
43,"[0.0, 0.0009982585906982422]","[0.0, 0.0]",0.0036699771881103516,0.04864692687988281
44,"[0.0, 0.0]","[0.0, 0.0]",0.0024132728576660156,0.035956621170043945
45,"[0.0, 0.0]","[0.0, 0.0]",0.002798318862915039,0.04734039306640625
46,"[0.0, 0.0]","[0.0010001659393310547, 0.0]",0.0012080669403076172,0.04591560363769531
47,"[0.0, 0.0]","[0.0, 0.0]",0.003977537155151367,0.0418086051940918
48,"[0.0, 0.0]","[0.0, 0.0]",0.001992940902709961,0.03670859336853027
49,"[0.0009999275207519531, 0.0]","[0.0, 0.0]",0.001996278762817383,0.03946423530578613
50,"[0.0, 0.0]","[0.0, 0.0]",0.0020008087158203125,0.03897666931152344
51,"[0.0, 0.0]","[0.0, 0.0]",0.005000591278076172,0.04601621627807617
52,"[0.0, 0.0]","[0.0, 0.0]",0.0009987354278564453,0.04598522186279297
53,"[0.0, 0.0]","[0.0, 0.0]",0.0010037422180175781,0.03989839553833008
54,"[0.0, 0.001008749008178711]","[0.0, 0.0]",0.01507711410522461,0.047016143798828125
55,"[0.0, 0.0]","[0.0, 0.0]",0.006078481674194336,0.050531864166259766
56,"[0.0, 0.0009980201721191406]","[0.0, 0.0]",0.0019991397857666016,0.04100203514099121
57,"[0.0, 0.0]","[0.0, 0.0]",0.001947641372680664,0.0455167293548584
58,"[0.0, 0.0]","[0.0, 0.0]",0.0020067691802978516,0.043993473052978516
59,"[0.0, 0.0]","[0.0, 0.0]",0.001986980438232422,0.05106234550476074
60,"[0.0, 0.0]","[0.0, 0.0]",0.003007173538208008,0.04299473762512207
61,"[0.0, 0.0]","[0.0, 0.0009918212890625]",0.0019979476928710938,0.04352712631225586
62,"[0.0, 0.0]","[0.0, 0.0]",0.0020024776458740234,0.0435481071472168
63,"[0.0, 0.0]","[0.0, 0.0]",0.0,0.04967522621154785
64,"[0.0, 0.0]","[0.0, 0.0]",0.0010745525360107422,0.0858147144317627
65,"[0.0, 0.0]","[0.0, 0.0]",0.0009984970092773438,0.04139876365661621
66,"[0.0, 0.0010068416595458984]","[0.0, 0.0]",0.0010001659393310547,0.0422215461730957
67,"[0.0, 0.0]","[0.0, 0.0]",0.002051830291748047,0.05181169509887695
68,"[0.0, 0.0]","[0.0, 0.0]",0.0009999275207519531,0.05000185966491699
69,"[0.0, 0.0]","[0.0, 0.0]",0.003958940505981445,0.05208849906921387
70,"[0.0, 0.0]","[0.0, 0.0]",0.003007650375366211,0.03399395942687988
71,"[0.0, 0.0]","[0.0, 0.0]",0.0019986629486083984,0.038889169692993164
72,"[0.0, 0.0]","[0.0, 0.0]",0.0020074844360351562,0.04400014877319336
73,"[0.0, 0.0]","[0.0, 0.0]",0.0030045509338378906,0.05028700828552246
74,"[0.0010006427764892578, 0.0]","[0.0, 0.0]",0.005993366241455078,0.049775123596191406
75,"[0.0, 0.0]","[0.0, 0.0]",0.0010564327239990234,0.05501055717468262
76,"[0.0, 0.0]","[0.0, 0.0]",0.002007007598876953,0.04843592643737793
77,"[0.0, 0.0]","[0.0009927749633789062, 0.0]",0.004769802093505859,0.05002951622009277
78,"[0.0, 0.0]","[0.0, 0.0]",0.003998517990112305,0.0453488826751709
79,"[0.0, 0.0]","[0.0, 0.0]",0.002154827117919922,0.04851937294006348
80,"[0.0010066032409667969, 0.0]","[0.0, 0.0]",0.004998683929443359,0.04535961151123047
81,"[0.0, 0.0]","[0.0, 0.0]",0.002002239227294922,0.04776954650878906
82,"[0.0, 0.0010004043579101562]","[0.0, 0.0]",0.0027294158935546875,0.04555463790893555
83,"[0.0, 0.0]","[0.0, 0.0]",0.002998828887939453,0.05194664001464844
84,"[0.0, 0.0]","[0.0, 0.0]",0.003005504608154297,0.0503847599029541
85,"[0.0, 0.0]","[0.0, 0.0]",0.001516580581665039,0.047722578048706055
86,"[0.0, 0.0]","[0.0, 0.0]",0.000997304916381836,0.012572765350341797
87,"[0.0009999275207519531, 0.0]","[0.0, 0.0]",0.005001068115234375,0.054221153259277344
88,"[0.0, 0.0]","[0.0, 0.0]",0.002912759780883789,0.043137311935424805
89,"[0.0, 0.0]","[0.0010001659393310547, 0.0]",0.02128148078918457,0.04699969291687012
90,"[0.0, 0.0]","[0.0, 0.0009944438934326172]",0.0020003318786621094,0.04300498962402344
91,"[0.0, 0.0]","[0.0, 0.0]",0.0030024051666259766,0.04616403579711914
92,"[0.0, 0.0]","[0.0, 0.0]",0.00189971923828125,0.044385433197021484
93,"[0.0, 0.0]","[0.0, 0.0]",0.0019769668579101562,0.042549848556518555
94,"[0.0, 0.0009984970092773438]","[0.0, 0.0]",0.002058267593383789,0.04752922058105469
95,"[0.0, 0.0]","[0.0, 0.0]",0.002036571502685547,0.04935574531555176
96,"[0.0, 0.0]","[0.0, 0.0]",0.0009961128234863281,0.04434680938720703
97,"[0.0, 0.0]","[0.0, 0.0]",0.001004934310913086,0.042459726333618164
98,"[0.0, 0.0]","[0.0, 0.0]",0.0009989738464355469,0.0379946231842041
99,"[0.0, 0.00099945068359375]","[0.0, 0.0]",0.002999544143676758,0.04794883728027344
